VBCSCompilerPreWarmer: pre-warm launched (dotnet PID 19432)
VBCSCompiler prewarm took 2.04 ms
[Licensing::Module] Trying to connect to existing licensing client channel...
[Licensing::IpcConnector] Successfully connected to: "LicenseClient-mbc" at "2026-09-23T00:37:03.0901018Z"
Built from '6000.6/respin/6000.6.0f1-fa21a270ab12' branch; Version is '6000.6.0f1 (f7f8ed4d1e24) revision 16251117'; Using compiler version '194234433'; Build Type 'Release'
OS: 'Windows 10  (10.0.19045) 64bit Professional' Language: 'ko' Physical Memory: 32601 MB
BatchMode: 0, IsHumanControllingUs: 1, StartBugReporterOnCrash: 1, Is64bit: 1
System  architecture: x64
Process architecture: x64
Date: 2026-09-23T00:37:03Z
[Licensing::Client] Code 10 while verifying Licensing Client signature (process Id: 18876, path: "C:/Program Files/Unity Hub/UnityLicensingClient_V1/Unity.Licensing.Client.exe")
[Licensing::Module] LicensingClient has failed validation; ignoring
[Licensing::Client] Handshaking with LicensingClient:
  Version:                 1.18.3+d7ffd15
  Session Id:              7bd286c59e7542eeaf2fe9d2e0b91d73
  Correlation Id:          8df4be55ce6c817e80487d52ad546b46
  External correlation Id: 195061776302208970
  Machine Id:              8fCoiBAgaIGhCLUi9yVcBHXbDi0=
[Licensing::Module] Successfully connected to LicensingClient on channel: "LicenseClient-mbc" (connect: 0.00s, validation: 0.00s, handshake: 0.02s)
[Licensing::IpcConnector] Successfully connected to: "LicenseClient-mbc-notifications" at "2026-09-23T00:37:03.1105222Z"
[Licensing::Client] Successfully updated the access token
[Licensing::Module] Successfully updated the access token HGzMQqZVgt...
[Licensing::Client] Successfully resolved entitlement details
[Licensing::Module] License group:
  Id: 14569797471889-UnityPersXXXX
  Product: Unity Personal
  Type: Assigned
  Expiration: Unlimited
[Licensing::Client] Successfully updated license, isAsync: True, time: 0.01
[Licensing::Client] Successfully resolved entitlement details
[Licensing::Module] Licensing Background thread has ended after 0.03s

COMMAND LINE ARGUMENTS:
C:\Program Files\Unity\Hub\Editor\6000.6.0f1\Editor\Unity.exe
-projectpath
C:\Users\mbc\Documents\git\gundam-game\gundam game
-acceptSoftwareTermsForThisRunOnly
-useHub
-hubIPC
-cloudEnvironment
production
-licensingIpc
LicenseClient-mbc
-hubSessionId
27367b98-dd3e-469e-a47a-151c4670faf9
-accessToken
HGzMQqZVgt0KZ5AIkoS6xikcWA-85e79qekAbLJSva800df
Successfully changed project path to: C:\Users\mbc\Documents\git\gundam-game\gundam game
C:/Users/mbc/Documents/git/gundam-game/gundam game
[UnityMemory] Configuration Parameters - Can be set up in boot.config
    "memorysetup-temp-allocator-size-gi-baking-worker=262144"
    "memorysetup-temp-allocator-size-gi-baking-worker=262144"
    "memorysetup-temp-allocator-size-gi-baking-worker=262144"
    "memorysetup-temp-allocator-size-gi-baking-worker=262144"
    "memorysetup-temp-allocator-size-gi-baking-worker=262144"
    "memorysetup-temp-allocator-size-nav-mesh-worker=65536"
    "memorysetup-temp-allocator-size-audio-worker=65536"
    "memorysetup-temp-allocator-size-cloud-worker=32768"
    "memorysetup-temp-allocator-size-gfx=262144"
    "memorysetup-remapper-allocator-initial-capacity=32768"
    "memorysetup-temp-allocator-size-preload-manager=33554432"
    "memorysetup-allocator-temp-initial-block-size-main=262144"
    "memorysetup-allocator-temp-initial-block-size-worker=262144"
    "memorysetup-temp-allocator-size-job-worker=262144"
    "memorysetup-temp-allocator-size-background-worker=32768"
    "memorysetup-bucket-allocator-granularity=16"
    "memorysetup-bucket-allocator-bucket-count=8"
    "memorysetup-bucket-allocator-block-size=33554432"
    "memorysetup-bucket-allocator-block-count=8"
    "memorysetup-main-allocator-block-size=16777216"
    "memorysetup-thread-allocator-block-size=16777216"
    "memorysetup-main-allocator-mimalloc-enabled=1"
    "memorysetup-gfx-main-allocator-block-size=16777216"
    "memorysetup-gfx-thread-allocator-block-size=16777216"
    "memorysetup-cache-allocator-block-size=4194304"
    "memorysetup-typetree-allocator-block-size=2097152"
    "memorysetup-profiler-bucket-allocator-granularity=16"
    "memorysetup-profiler-bucket-allocator-bucket-count=8"
    "memorysetup-profiler-bucket-allocator-block-size=33554432"
    "memorysetup-profiler-bucket-allocator-block-count=8"
    "memorysetup-profiler-allocator-block-size=16777216"
    "memorysetup-profiler-editor-allocator-block-size=1048576"
    "memorysetup-temp-allocator-size-main=16777216"
    "memorysetup-job-temp-allocator-block-size=2097152"
    "memorysetup-job-temp-allocator-block-size-background=1048576"
    "memorysetup-job-temp-allocator-reduction-small-platforms=262144"
Player connection [18780]  Target information:

Player connection [18780]  * "[IP] 192.168.0.26 [Port] 55504 [Flags] 2 [Guid] 1553247750 [EditorId] 1553247750 [Version] 1048832 [Id] WindowsEditor(7,DESKTOP-5OMONO1) [Debug] 1 [PackageName] WindowsEditor [ProjectName] Editor" 

Player connection [18780] Host joined multi-casting on [225.0.0.222:54997]...
Player connection [18780] Host joined alternative multi-casting on [225.0.0.222:34997]...
Input System module state changed to: Initialized.
[Physics::Module] Initialized fallback backend.
[Physics::Module] Id: 0xdecafbad
[Package Manager] Connected to IPC stream "Upm-14968" after 0.2 seconds.
[Licensing::Client] Successfully resolved entitlement details
Library Redirect Path: Library/
Initialising UDS system complete:
  - System type: Client
  - Resource namespace: 8ee65403399a90d794e513b18232faff
  - Shared memory size: 1073741824
  - Command buffer id: 1052576
  - Command buffer size: 8192
  - Hashmap size: 4194304
  - Service connected: false
Launching Unity Data Store - C:/Program Files/Unity/Hub/Editor/6000.6.0f1/Editor/Data/Tools/Unity.DataStore.exe 
Unity Data Store artifact dir = Library/DataStore, working dir = C:/Users/mbc/Documents/git/gundam-game/gundam game[Physics::Module] Selected backend.
[Physics::Module] Name: PhysX
[Physics::Module] Id: 0xf2b8ea05
[Physics::Module] SDK Version: 4.1.2
[Physics::Module] Integration Version: 1.0.0
[Physics::Module] Threading Mode: Multi-Threaded
Active build profile path: `Assets/Settings/Build Profiles/Android XR.asset`
Unity Data Store running and initialised
Got setting from build profile YAML, name `m_BuildSubtarget`, value `0`
Got setting from build profile YAML, name `Color Space`, value `1`
[Licensing::Client] Successfully resolved entitlement details
Got setting from build profile YAML, name `m_BuildTarget`, value `13`
Got setting from build profile YAML, name `m_Subtarget`, value `0`
Initialize engine version: 6000.6.0f1 (f7f8ed4d1e24)
[EntityIdStore] init: VM path (explicit commit), pageSize=4096, blockCount=1048576, entitiesPerBlock=256, slots reserved=4294967296 bytes
[Subsystems] Discovering subsystems at path C:/Program Files/Unity/Hub/Editor/6000.6.0f1/Editor/Data/Resources/UnitySubsystems
[Subsystems] Discovering subsystems at path C:/Users/mbc/Documents/git/gundam-game/gundam game/Assets
GfxDevice: creating device client; kGfxThreadingModeThreaded
Got setting from build profile YAML, name `Color Space`, value `1`
Got setting from build profile YAML, name `Color Space`, value `1`
Got setting from build profile YAML, name `Color Space`, value `1`
Got setting from build profile YAML, name `Color Space`, value `1`
Direct3D:
    Version:  Direct3D 11.0 [level 11.1]
    Renderer: NVIDIA GeForce RTX 3060 Ti (ID=0x2489)
    Vendor:   NVIDIA
    VRAM:     8024 MB
    Driver:   32.0.15.8115
Got setting from build profile YAML, name `Color Space`, value `1`
Got setting from build profile YAML, name `Color Space`, value `1`
Got setting from build profile YAML, name `Color Space`, value `1`
Got setting from build profile YAML, name `m_BuildSubtarget`, value `0`
Got setting from build profile YAML, name `Color Space`, value `1`
Got setting from build profile YAML, name `Color Space`, value `1`
Got setting from build profile YAML, name `Color Space`, value `1`
Got setting from build profile YAML, name `Color Space`, value `1`
Got setting from build profile YAML, name `Color Space`, value `1`
Got setting from build profile YAML, name `Color Space`, value `1`
Got setting from build profile YAML, name `Color Space`, value `1`
Got setting from build profile YAML, name `Color Space`, value `1`
Got setting from build profile YAML, name `Color Space`, value `1`
Got setting from build profile YAML, name `Color Space`, value `1`
Got setting from build profile YAML, name `Color Space`, value `1`
Got setting from build profile YAML, name `Color Space`, value `1`
Got setting from build profile YAML, name `Color Space`, value `1`
Got setting from build profile YAML, name `Color Space`, value `1`
Got setting from build profile YAML, name `Color Space`, value `1`
Got setting from build profile YAML, name `Color Space`, value `1`
Got setting from build profile YAML, name `Color Space`, value `1`
Got setting from build profile YAML, name `Color Space`, value `1`
Got setting from build profile YAML, name `Color Space`, value `1`
Got setting from build profile YAML, name `Color Space`, value `1`
Got setting from build profile YAML, name `Color Space`, value `1`
Got setting from build profile YAML, name `Color Space`, value `1`
Got setting from build profile YAML, name `Color Space`, value `1`
Got setting from build profile YAML, name `Color Space`, value `1`
Got setting from build profile YAML, name `Color Space`, value `1`
Got setting from build profile YAML, name `Color Space`, value `1`
Got setting from build profile YAML, name `Color Space`, value `1`
Got setting from build profile YAML, name `Color Space`, value `1`
Got setting from build profile YAML, name `Color Space`, value `1`
Got setting from build profile YAML, name `Color Space`, value `1`
Got setting from build profile YAML, name `Color Space`, value `1`
Got setting from build profile YAML, name `Color Space`, value `1`
Got setting from build profile YAML, name `Color Space`, value `1`
Got setting from build profile YAML, name `Color Space`, value `1`
Got setting from build profile YAML, name `Color Space`, value `1`
Got setting from build profile YAML, name `Color Space`, value `1`
Got setting from build profile YAML, name `Color Space`, value `1`
Got setting from build profile YAML, name `Color Space`, value `1`
Got setting from build profile YAML, name `Color Space`, value `1`
Got setting from build profile YAML, name `Color Space`, value `1`
Got setting from build profile YAML, name `Color Space`, value `1`
Got setting from build profile YAML, name `Color Space`, value `1`
Got setting from build profile YAML, name `Color Space`, value `1`
Got setting from build profile YAML, name `Color Space`, value `1`
Got setting from build profile YAML, name `Color Space`, value `1`
Got setting from build profile YAML, name `Color Space`, value `1`
Got setting from build profile YAML, name `Color Space`, value `1`
Got setting from build profile YAML, name `Color Space`, value `1`
Got setting from build profile YAML, name `Color Space`, value `1`
Got setting from build profile YAML, name `Color Space`, value `1`
Got setting from build profile YAML, name `Color Space`, value `1`
Got setting from build profile YAML, name `Color Space`, value `1`
Got setting from build profile YAML, name `Color Space`, value `1`
Got setting from build profile YAML, name `Color Space`, value `1`
Got setting from build profile YAML, name `Color Space`, value `1`
Got setting from build profile YAML, name `Color Space`, value `1`
Got setting from build profile YAML, name `Color Space`, value `1`
Got setting from build profile YAML, name `Color Space`, value `1`
Got setting from build profile YAML, name `Color Space`, value `1`
Got setting from build profile YAML, name `Color Space`, value `1`
Got setting from build profile YAML, name `Color Space`, value `1`
Got setting from build profile YAML, name `Color Space`, value `1`
Got setting from build profile YAML, name `Color Space`, value `1`
Got setting from build profile YAML, name `Color Space`, value `1`
Got setting from build profile YAML, name `Color Space`, value `1`
Got setting from build profile YAML, name `Color Space`, value `1`
Got setting from build profile YAML, name `Color Space`, value `1`
Got setting from build profile YAML, name `Color Space`, value `1`
Got setting from build profile YAML, name `Color Space`, value `1`
Got setting from build profile YAML, name `Color Space`, value `1`
Got setting from build profile YAML, name `Color Space`, value `1`
Got setting from build profile YAML, name `Color Space`, value `1`
Got setting from build profile YAML, name `Color Space`, value `1`
Got setting from build profile YAML, name `Color Space`, value `1`
Got setting from build profile YAML, name `Color Space`, value `1`
Got setting from build profile YAML, name `Color Space`, value `1`
Got setting from build profile YAML, name `Color Space`, value `1`
Got setting from build profile YAML, name `Color Space`, value `1`
Got setting from build profile YAML, name `Color Space`, value `1`
Got setting from build profile YAML, name `Color Space`, value `1`
Got setting from build profile YAML, name `Color Space`, value `1`
Got setting from build profile YAML, name `Color Space`, value `1`
Got setting from build profile YAML, name `Color Space`, value `1`
Got setting from build profile YAML, name `Color Space`, value `1`
Got setting from build profile YAML, name `Color Space`, value `1`
Got setting from build profile YAML, name `Color Space`, value `1`
Got setting from build profile YAML, name `Color Space`, value `1`
Got setting from build profile YAML, name `Color Space`, value `1`
Got setting from build profile YAML, name `Color Space`, value `1`
Got setting from build profile YAML, name `Color Space`, value `1`
Got setting from build profile YAML, name `Color Space`, value `1`
Got setting from build profile YAML, name `Color Space`, value `1`
Got setting from build profile YAML, name `Color Space`, value `1`
Got setting from build profile YAML, name `Color Space`, value `1`
Got setting from build profile YAML, name `Color Space`, value `1`
Got setting from build profile YAML, name `Color Space`, value `1`
Got setting from build profile YAML, name `Color Space`, value `1`
Got setting from build profile YAML, name `Color Space`, value `1`
Got setting from build profile YAML, name `Color Space`, value `1`
Got setting from build profile YAML, name `Color Space`, value `1`
Got setting from build profile YAML, name `Color Space`, value `1`
Got setting from build profile YAML, name `Color Space`, value `1`
Got setting from build profile YAML, name `Color Space`, value `1`
Got setting from build profile YAML, name `Color Space`, value `1`
Got setting from build profile YAML, name `Color Space`, value `1`
Got setting from build profile YAML, name `Color Space`, value `1`
Got setting from build profile YAML, name `Color Space`, value `1`
Got setting from build profile YAML, name `Color Space`, value `1`
Got setting from build profile YAML, name `Color Space`, value `1`
Got setting from build profile YAML, name `Color Space`, value `1`
Got setting from build profile YAML, name `Color Space`, value `1`
Got setting from build profile YAML, name `Color Space`, value `1`
Got setting from build profile YAML, name `Color Space`, value `1`
Got setting from build profile YAML, name `Color Space`, value `1`
Got setting from build profile YAML, name `Color Space`, value `1`
Got setting from build profile YAML, name `Color Space`, value `1`
Got setting from build profile YAML, name `Color Space`, value `1`
Got setting from build profile YAML, name `Color Space`, value `1`
Got setting from build profile YAML, name `Color Space`, value `1`
Got setting from build profile YAML, name `Color Space`, value `1`
Got setting from build profile YAML, name `Color Space`, value `1`
Got setting from build profile YAML, name `Color Space`, value `1`
Got setting from build profile YAML, name `Color Space`, value `1`
Got setting from build profile YAML, name `Color Space`, value `1`
Got setting from build profile YAML, name `Color Space`, value `1`
Got setting from build profile YAML, name `Color Space`, value `1`
Got setting from build profile YAML, name `Color Space`, value `1`
Got setting from build profile YAML, name `Color Space`, value `1`
Got setting from build profile YAML, name `Color Space`, value `1`
Got setting from build profile YAML, name `Color Space`, value `1`
Got setting from build profile YAML, name `Color Space`, value `1`
Got setting from build profile YAML, name `Color Space`, value `1`
Got setting from build profile YAML, name `Color Space`, value `1`
Got setting from build profile YAML, name `Color Space`, value `1`
Got setting from build profile YAML, name `Color Space`, value `1`
Got setting from build profile YAML, name `Color Space`, value `1`
Got setting from build profile YAML, name `Color Space`, value `1`
Got setting from build profile YAML, name `Color Space`, value `1`
Got setting from build profile YAML, name `Color Space`, value `1`
Got setting from build profile YAML, name `Color Space`, value `1`
Got setting from build profile YAML, name `Color Space`, value `1`
Got setting from build profile YAML, name `Color Space`, value `1`
Got setting from build profile YAML, name `Color Space`, value `1`
Got setting from build profile YAML, name `Color Space`, value `1`
Got setting from build profile YAML, name `Color Space`, value `1`
Got setting from build profile YAML, name `Color Space`, value `1`
Got setting from build profile YAML, name `Color Space`, value `1`
Got setting from build profile YAML, name `Color Space`, value `1`
Got setting from build profile YAML, name `Color Space`, value `1`
Got setting from build profile YAML, name `Color Space`, value `1`
Got setting from build profile YAML, name `Color Space`, value `1`
Got setting from build profile YAML, name `Color Space`, value `1`
Got setting from build profile YAML, name `Color Space`, value `1`
Got setting from build profile YAML, name `Color Space`, value `1`
Got setting from build profile YAML, name `Color Space`, value `1`
Got setting from build profile YAML, name `Color Space`, value `1`
Got setting from build profile YAML, name `Color Space`, value `1`
Got setting from build profile YAML, name `Color Space`, value `1`
Got setting from build profile YAML, name `Color Space`, value `1`
Got setting from build profile YAML, name `Color Space`, value `1`
Got setting from build profile YAML, name `Color Space`, value `1`
Got setting from build profile YAML, name `Color Space`, value `1`
Got setting from build profile YAML, name `m_BuildSubtarget`, value `0`
Got setting from build profile YAML, name `Color Space`, value `1`
Got setting from build profile YAML, name `Color Space`, value `1`
Got setting from build profile YAML, name `Color Space`, value `1`
Got setting from build profile YAML, name `Color Space`, value `1`
Got setting from build profile YAML, name `Color Space`, value `1`
Got setting from build profile YAML, name `Color Space`, value `1`
Got setting from build profile YAML, name `Color Space`, value `1`
Got setting from build profile YAML, name `Color Space`, value `1`
Got setting from build profile YAML, name `Color Space`, value `1`
Got setting from build profile YAML, name `Color Space`, value `1`
Got setting from build profile YAML, name `Color Space`, value `1`
Got setting from build profile YAML, name `m_BuildSubtarget`, value `0`
Initialize mono
Mono path[0] = 'C:/Program Files/Unity/Hub/Editor/6000.6.0f1/Editor/Data/Managed'
Mono path[1] = 'C:/Program Files/Unity/Hub/Editor/6000.6.0f1/Editor/Data/BCLExtensions/runtime/netstandard2.1'
Mono path[2] = 'C:/Program Files/Unity/Hub/Editor/6000.6.0f1/Editor/Data/MonoBleedingEdge/lib/mono/unityjit-win32'
Mono config path = 'C:/Program Files/Unity/Hub/Editor/6000.6.0f1/Editor/Data/MonoBleedingEdge/etc'
Using monoOptions --debugger-agent=transport=dt_socket,embedding=1,server=y,suspend=n,address=127.0.0.1:56968
CodeReloadManager initialized
ImportWorker Server TCP listen port: 0
AcceleratorClientConnectionCallback - disconnected - :0
Got setting from build profile YAML, name `m_BuildSubtarget`, value `0`
Got setting from build profile YAML, name `m_BuildSubtarget`, value `0`
Begin MonoManager ReloadAssembly
Registering precompiled unity dll's ...
Register platform support module: C:/Program Files/Unity/Hub/Editor/6000.6.0f1/Editor/Data/PlaybackEngines/WebGLSupport/UnityEditor.WebGL.Extensions.dll
Register platform support module: C:/Program Files/Unity/Hub/Editor/6000.6.0f1/Editor/Data/PlaybackEngines/WindowsStandaloneSupport/UnityEditor.WindowsStandalone.Extensions.dll
Register platform support module: C:/Program Files/Unity/Hub/Editor/6000.6.0f1/Editor/Data/PlaybackEngines/AndroidPlayer/UnityEditor.Android.Extensions.dll
Registered in 0.002139 seconds.
Got setting from build profile YAML, name `m_BuildSubtarget`, value `0`
Got setting from build profile YAML, name `m_BuildSubtarget`, value `0`
Got setting from build profile YAML, name `m_BuildSubtarget`, value `0`
Got setting from build profile YAML, name `m_BuildSubtarget`, value `0`
Got setting from build profile YAML, name `m_BuildSubtarget`, value `0`
Got setting from build profile YAML, name `m_BuildSubtarget`, value `0`
Native extension for Android target not found
Got setting from build profile YAML, name `Color Space`, value `1`
Native extension for WindowsStandalone target not found
Native extension for WebGL target not found
Package Manager log level set to [2]
ScheduleIndexationOnStartup MainProcess:False IndexOnStartup:True
Got setting from build profile YAML, name `Color Space`, value `1`
Got setting from build profile YAML, name `Color Space`, value `1`
Got setting from build profile YAML, name `Color Space`, value `1`
Got setting from build profile YAML, name `Color Space`, value `1`
Got setting from build profile YAML, name `Color Space`, value `1`
Got setting from build profile YAML, name `Color Space`, value `1`
Got setting from build profile YAML, name `Color Space`, value `1`
Got setting from build profile YAML, name `Color Space`, value `1`
Got setting from build profile YAML, name `Color Space`, value `1`
Got setting from build profile YAML, name `Color Space`, value `1`
Got setting from build profile YAML, name `Color Space`, value `1`
Got setting from build profile YAML, name `Color Space`, value `1`
Got setting from build profile YAML, name `Color Space`, value `1`
Got setting from build profile YAML, name `Color Space`, value `1`
Got setting from build profile YAML, name `Color Space`, value `1`
Got setting from build profile YAML, name `Color Space`, value `1`
Got setting from build profile YAML, name `Color Space`, value `1`
Got setting from build profile YAML, name `Color Space`, value `1`
Got setting from build profile YAML, name `Color Space`, value `1`
Got setting from build profile YAML, name `Color Space`, value `1`
Got setting from build profile YAML, name `Color Space`, value `1`
Got setting from build profile YAML, name `Color Space`, value `1`
Got setting from build profile YAML, name `Color Space`, value `1`
Got setting from build profile YAML, name `Color Space`, value `1`
Got setting from build profile YAML, name `Color Space`, value `1`
Got setting from build profile YAML, name `Color Space`, value `1`
Got setting from build profile YAML, name `Color Space`, value `1`
Got setting from build profile YAML, name `Color Space`, value `1`
Got setting from build profile YAML, name `Color Space`, value `1`
Got setting from build profile YAML, name `Color Space`, value `1`
Got setting from build profile YAML, name `Color Space`, value `1`
Got setting from build profile YAML, name `Color Space`, value `1`
Got setting from build profile YAML, name `Color Space`, value `1`
Got setting from build profile YAML, name `Color Space`, value `1`
Got setting from build profile YAML, name `Color Space`, value `1`
Got setting from build profile YAML, name `Color Space`, value `1`
Got setting from build profile YAML, name `Color Space`, value `1`
Got setting from build profile YAML, name `Color Space`, value `1`
Got setting from build profile YAML, name `Color Space`, value `1`
Got setting from build profile YAML, name `Color Space`, value `1`
Got setting from build profile YAML, name `Color Space`, value `1`
Got setting from build profile YAML, name `Color Space`, value `1`
Got setting from build profile YAML, name `Color Space`, value `1`
Got setting from build profile YAML, name `Color Space`, value `1`
Got setting from build profile YAML, name `Color Space`, value `1`
Got setting from build profile YAML, name `Color Space`, value `1`
Got setting from build profile YAML, name `Color Space`, value `1`
Got setting from build profile YAML, name `Color Space`, value `1`
Got setting from build profile YAML, name `Color Space`, value `1`
Got setting from build profile YAML, name `Color Space`, value `1`
Got setting from build profile YAML, name `Color Space`, value `1`
Got setting from build profile YAML, name `Color Space`, value `1`
Got setting from build profile YAML, name `Color Space`, value `1`
Got setting from build profile YAML, name `Color Space`, value `1`
Got setting from build profile YAML, name `Color Space`, value `1`
Got setting from build profile YAML, name `Color Space`, value `1`
Got setting from build profile YAML, name `Color Space`, value `1`
Got setting from build profile YAML, name `Color Space`, value `1`
Got setting from build profile YAML, name `Color Space`, value `1`
Got setting from build profile YAML, name `Color Space`, value `1`
Got setting from build profile YAML, name `Color Space`, value `1`
Got setting from build profile YAML, name `Color Space`, value `1`
Got setting from build profile YAML, name `Color Space`, value `1`
Got setting from build profile YAML, name `Color Space`, value `1`
Got setting from build profile YAML, name `Color Space`, value `1`
Got setting from build profile YAML, name `Color Space`, value `1`
Got setting from build profile YAML, name `Color Space`, value `1`
Got setting from build profile YAML, name `Color Space`, value `1`
Got setting from build profile YAML, name `Color Space`, value `1`
Got setting from build profile YAML, name `Color Space`, value `1`
Got setting from build profile YAML, name `Color Space`, value `1`
Got setting from build profile YAML, name `Color Space`, value `1`
Got setting from build profile YAML, name `Color Space`, value `1`
Got setting from build profile YAML, name `Color Space`, value `1`
Got setting from build profile YAML, name `Color Space`, value `1`
Got setting from build profile YAML, name `Color Space`, value `1`
Got setting from build profile YAML, name `Color Space`, value `1`
Got setting from build profile YAML, name `Color Space`, value `1`
Got setting from build profile YAML, name `Color Space`, value `1`
Got setting from build profile YAML, name `Color Space`, value `1`
Got setting from build profile YAML, name `Color Space`, value `1`
Got setting from build profile YAML, name `Color Space`, value `1`
Got setting from build profile YAML, name `Color Space`, value `1`
Got setting from build profile YAML, name `Color Space`, value `1`
Got setting from build profile YAML, name `Color Space`, value `1`
Got setting from build profile YAML, name `Color Space`, value `1`
Got setting from build profile YAML, name `Color Space`, value `1`
Got setting from build profile YAML, name `Color Space`, value `1`
Got setting from build profile YAML, name `Color Space`, value `1`
Got setting from build profile YAML, name `Color Space`, value `1`
Got setting from build profile YAML, name `Color Space`, value `1`
Got setting from build profile YAML, name `Color Space`, value `1`
Got setting from build profile YAML, name `Color Space`, value `1`
Got setting from build profile YAML, name `Color Space`, value `1`
Got setting from build profile YAML, name `Color Space`, value `1`
Got setting from build profile YAML, name `Color Space`, value `1`
Got setting from build profile YAML, name `Color Space`, value `1`
Got setting from build profile YAML, name `Color Space`, value `1`
Got setting from build profile YAML, name `Color Space`, value `1`
Got setting from build profile YAML, name `Color Space`, value `1`
Got setting from build profile YAML, name `Color Space`, value `1`
Got setting from build profile YAML, name `Color Space`, value `1`
Got setting from build profile YAML, name `Color Space`, value `1`
Got setting from build profile YAML, name `Color Space`, value `1`
Got setting from build profile YAML, name `Color Space`, value `1`
Got setting from build profile YAML, name `Color Space`, value `1`
Got setting from build profile YAML, name `Color Space`, value `1`
Got setting from build profile YAML, name `Color Space`, value `1`
Got setting from build profile YAML, name `Color Space`, value `1`
Got setting from build profile YAML, name `Color Space`, value `1`
Got setting from build profile YAML, name `Color Space`, value `1`
Got setting from build profile YAML, name `Color Space`, value `1`
Got setting from build profile YAML, name `Color Space`, value `1`
Got setting from build profile YAML, name `Color Space`, value `1`
Got setting from build profile YAML, name `Color Space`, value `1`
Got setting from build profile YAML, name `Color Space`, value `1`
Got setting from build profile YAML, name `Color Space`, value `1`
Got setting from build profile YAML, name `Color Space`, value `1`
Got setting from build profile YAML, name `Color Space`, value `1`
Got setting from build profile YAML, name `Color Space`, value `1`
Got setting from build profile YAML, name `Color Space`, value `1`
Got setting from build profile YAML, name `Color Space`, value `1`
Got setting from build profile YAML, name `Color Space`, value `1`
Got setting from build profile YAML, name `Color Space`, value `1`
Got setting from build profile YAML, name `Color Space`, value `1`
Got setting from build profile YAML, name `Color Space`, value `1`
Got setting from build profile YAML, name `Color Space`, value `1`
Got setting from build profile YAML, name `Color Space`, value `1`
Got setting from build profile YAML, name `Color Space`, value `1`
Got setting from build profile YAML, name `Color Space`, value `1`
Got setting from build profile YAML, name `Color Space`, value `1`
Got setting from build profile YAML, name `Color Space`, value `1`
Got setting from build profile YAML, name `Color Space`, value `1`
Got setting from build profile YAML, name `Color Space`, value `1`
Scripting: successfully reloaded assembly
- Finished resetting the current domain, in  0.719 seconds
Domain Reload Profiling: 1267ms
	BeginReloadAssembly (135ms)
		CreateAndSetChildDomain (20ms)
	RebuildCommonClasses (5ms)
	RebuildNativeTypeToScriptingClass (15ms)
	initialDomainReloadingComplete (58ms)
	LoadAllAssembliesAndSetupDomain (334ms)
		LoadAssemblies (114ms)
		TypeCache.Refresh (223ms)
			TypeCache.ScanAssembly (208ms)
		AnalyzeDomain (1ms)
	FinalizeReload (720ms)
		SetupLoadedEditorAssemblies (0ms)
			InitializePlatformSupportModulesInManaged (58ms)
			BeforeProcessingInitializeOnLoad (129ms)
			ProcessInitializeOnLoadAttributes (134ms)
			ProcessInitializeOnLoadMethodAttributes (169ms)
[Licensing::Client] Successfully resolved entitlement details
[Licensing::Client] Successfully resolved entitlement details
Got setting from build profile YAML, name `Color Space`, value `1`
Application.AssetDatabase Initial Refresh Start
[Package Manager] Done resolving packages in 2.02 seconds
[Licensing::Client] Successfully resolved entitlement details
[Package Manager] Registered 70 packages:
  Packages from [https://packages.unity.com]:
    com.unity.ai.navigation@2.0.14 (location: C:\Users\mbc\Documents\git\gundam-game\gundam game\Library\PackageCache\com.unity.ai.navigation@134dd6a3b97b)
    com.unity.collab-proxy@2.13.6 (location: C:\Users\mbc\Documents\git\gundam-game\gundam game\Library\PackageCache\com.unity.collab-proxy@4628d2ba6ea4)
    com.unity.ide.rider@3.0.38 (location: C:\Users\mbc\Documents\git\gundam-game\gundam game\Library\PackageCache\com.unity.ide.rider@1f60b3138684)
    com.unity.ide.visualstudio@2.0.26 (location: C:\Users\mbc\Documents\git\gundam-game\gundam game\Library\PackageCache\com.unity.ide.visualstudio@a99d56dec63f)
    com.unity.inputsystem@1.20.0 (location: C:\Users\mbc\Documents\git\gundam-game\gundam game\Library\PackageCache\com.unity.inputsystem@7a4e1a2a8194)
    com.unity.visualscripting@1.9.12 (location: C:\Users\mbc\Documents\git\gundam-game\gundam game\Library\PackageCache\com.unity.visualscripting@4edfcc09512f)
    com.unity.xr.androidxr-openxr@1.4.1 (location: C:\Users\mbc\Documents\git\gundam-game\gundam game\Library\PackageCache\com.unity.xr.androidxr-openxr@9b762484bd3d)
    com.unity.xr.hands@1.6.3 (location: C:\Users\mbc\Documents\git\gundam-game\gundam game\Library\PackageCache\com.unity.xr.hands@d34c2dc56a9d)
    com.unity.xr.interaction.toolkit@3.3.2 (location: C:\Users\mbc\Documents\git\gundam-game\gundam game\Library\PackageCache\com.unity.xr.interaction.toolkit@8a8cfde33e41)
    com.unity.xr.management@4.6.0 (location: C:\Users\mbc\Documents\git\gundam-game\gundam game\Library\PackageCache\com.unity.xr.management@ca5b202bb583)
    com.unity.xr.openxr@1.18.0 (location: C:\Users\mbc\Documents\git\gundam-game\gundam game\Library\PackageCache\com.unity.xr.openxr@b5b77b4027be)
    com.unity.xr.core-utils@2.6.0 (location: C:\Users\mbc\Documents\git\gundam-game\gundam game\Library\PackageCache\com.unity.xr.core-utils@a8b900321199)
    com.unity.xr.legacyinputhelpers@3.0.1 (location: C:\Users\mbc\Documents\git\gundam-game\gundam game\Library\PackageCache\com.unity.xr.legacyinputhelpers@3f62d634f63b)
    com.unity.xr.arfoundation@6.6.2 (location: C:\Users\mbc\Documents\git\gundam-game\gundam game\Library\PackageCache\com.unity.xr.arfoundation@d57b0b4d336a)
    com.unity.xr.compositionlayers@2.5.0 (location: C:\Users\mbc\Documents\git\gundam-game\gundam game\Library\PackageCache\com.unity.xr.compositionlayers@2843cb312e13)
    com.unity.searcher@4.9.5 (location: C:\Users\mbc\Documents\git\gundam-game\gundam game\Library\PackageCache\com.unity.searcher@a463122f2c00)
    com.unity.profiling.core@1.0.3 (location: C:\Users\mbc\Documents\git\gundam-game\gundam game\Library\PackageCache\com.unity.profiling.core@8a49f7027d06)
    com.unity.nuget.mono-cecil@1.11.6 (location: C:\Users\mbc\Documents\git\gundam-game\gundam game\Library\PackageCache\com.unity.nuget.mono-cecil@ecb9724e46ff)
  Built-in packages:
    com.unity.render-pipelines.universal@17.6.0 (location: C:\Users\mbc\Documents\git\gundam-game\gundam game\Library\PackageCache\com.unity.render-pipelines.universal@8457e85b8184)
    com.unity.test-framework@1.8.0 (location: C:\Users\mbc\Documents\git\gundam-game\gundam game\Library\PackageCache\com.unity.test-framework@7a3849e09bd0)
    com.unity.timeline@6.6.0 (location: C:\Users\mbc\Documents\git\gundam-game\gundam game\Library\PackageCache\com.unity.timeline@281d5f7e7d7d)
    com.unity.ugui@2.6.0 (location: C:\Users\mbc\Documents\git\gundam-game\gundam game\Library\PackageCache\com.unity.ugui@23caec89ae27)
    com.unity.modules.accessibility@1.0.0 (location: C:\Users\mbc\Documents\git\gundam-game\gundam game\Library\PackageCache\com.unity.modules.accessibility)
    com.unity.modules.adaptiveperformance@1.0.0 (location: C:\Users\mbc\Documents\git\gundam-game\gundam game\Library\PackageCache\com.unity.modules.adaptiveperformance)
    com.unity.modules.ai@1.0.0 (location: C:\Users\mbc\Documents\git\gundam-game\gundam game\Library\PackageCache\com.unity.modules.ai)
    com.unity.modules.androidjni@1.0.0 (location: C:\Users\mbc\Documents\git\gundam-game\gundam game\Library\PackageCache\com.unity.modules.androidjni)
    com.unity.modules.animation@1.0.0 (location: C:\Users\mbc\Documents\git\gundam-game\gundam game\Library\PackageCache\com.unity.modules.animation)
    com.unity.modules.assetbundle@1.0.0 (location: C:\Users\mbc\Documents\git\gundam-game\gundam game\Library\PackageCache\com.unity.modules.assetbundle)
    com.unity.modules.audio@1.0.0 (location: C:\Users\mbc\Documents\git\gundam-game\gundam game\Library\PackageCache\com.unity.modules.audio)
    com.unity.modules.cloth@1.0.0 (location: C:\Users\mbc\Documents\git\gundam-game\gundam game\Library\PackageCache\com.unity.modules.cloth)
    com.unity.modules.director@1.0.0 (location: C:\Users\mbc\Documents\git\gundam-game\gundam game\Library\PackageCache\com.unity.modules.director)
    com.unity.modules.imageconversion@1.0.0 (location: C:\Users\mbc\Documents\git\gundam-game\gundam game\Library\PackageCache\com.unity.modules.imageconversion)
    com.unity.modules.imgui@1.0.0 (location: C:\Users\mbc\Documents\git\gundam-game\gundam game\Library\PackageCache\com.unity.modules.imgui)
    com.unity.modules.jsonserialize@1.0.0 (location: C:\Users\mbc\Documents\git\gundam-game\gundam game\Library\PackageCache\com.unity.modules.jsonserialize)
    com.unity.modules.particlesystem@1.0.0 (location: C:\Users\mbc\Documents\git\gundam-game\gundam game\Library\PackageCache\com.unity.modules.particlesystem)
    com.unity.modules.physics@1.0.0 (location: C:\Users\mbc\Documents\git\gundam-game\gundam game\Library\PackageCache\com.unity.modules.physics)
    com.unity.modules.physics2d@1.0.0 (location: C:\Users\mbc\Documents\git\gundam-game\gundam game\Library\PackageCache\com.unity.modules.physics2d)
    com.unity.modules.physicscore2d@1.0.0 (location: C:\Users\mbc\Documents\git\gundam-game\gundam game\Library\PackageCache\com.unity.modules.physicscore2d)
    com.unity.modules.screencapture@1.0.0 (location: C:\Users\mbc\Documents\git\gundam-game\gundam game\Library\PackageCache\com.unity.modules.screencapture)
    com.unity.modules.terrain@1.0.0 (location: C:\Users\mbc\Documents\git\gundam-game\gundam game\Library\PackageCache\com.unity.modules.terrain)
    com.unity.modules.terrainphysics@1.0.0 (location: C:\Users\mbc\Documents\git\gundam-game\gundam game\Library\PackageCache\com.unity.modules.terrainphysics)
    com.unity.modules.tetgen@1.0.0 (location: C:\Users\mbc\Documents\git\gundam-game\gundam game\Library\PackageCache\com.unity.modules.tetgen)
    com.unity.modules.tilemap@1.0.0 (location: C:\Users\mbc\Documents\git\gundam-game\gundam game\Library\PackageCache\com.unity.modules.tilemap)
    com.unity.modules.timelinefoundation@1.0.0 (location: C:\Users\mbc\Documents\git\gundam-game\gundam game\Library\PackageCache\com.unity.modules.timelinefoundation)
    com.unity.modules.ui@1.0.0 (location: C:\Users\mbc\Documents\git\gundam-game\gundam game\Library\PackageCache\com.unity.modules.ui)
    com.unity.modules.uielements@1.0.0 (location: C:\Users\mbc\Documents\git\gundam-game\gundam game\Library\PackageCache\com.unity.modules.uielements)
    com.unity.modules.umbra@1.0.0 (location: C:\Users\mbc\Documents\git\gundam-game\gundam game\Library\PackageCache\com.unity.modules.umbra)
    com.unity.modules.unityanalytics@1.0.0 (location: C:\Users\mbc\Documents\git\gundam-game\gundam game\Library\PackageCache\com.unity.modules.unityanalytics)
    com.unity.modules.unitywebrequest@1.0.0 (location: C:\Users\mbc\Documents\git\gundam-game\gundam game\Library\PackageCache\com.unity.modules.unitywebrequest)
    com.unity.modules.unitywebrequestassetbundle@1.0.0 (location: C:\Users\mbc\Documents\git\gundam-game\gundam game\Library\PackageCache\com.unity.modules.unitywebrequestassetbundle)
    com.unity.modules.unitywebrequestaudio@1.0.0 (location: C:\Users\mbc\Documents\git\gundam-game\gundam game\Library\PackageCache\com.unity.modules.unitywebrequestaudio)
    com.unity.modules.unitywebrequesttexture@1.0.0 (location: C:\Users\mbc\Documents\git\gundam-game\gundam game\Library\PackageCache\com.unity.modules.unitywebrequesttexture)
    com.unity.modules.unitywebrequestwww@1.0.0 (location: C:\Users\mbc\Documents\git\gundam-game\gundam game\Library\PackageCache\com.unity.modules.unitywebrequestwww)
    com.unity.modules.vectorgraphics@1.0.0 (location: C:\Users\mbc\Documents\git\gundam-game\gundam game\Library\PackageCache\com.unity.modules.vectorgraphics)
    com.unity.modules.vehicles@1.0.0 (location: C:\Users\mbc\Documents\git\gundam-game\gundam game\Library\PackageCache\com.unity.modules.vehicles)
    com.unity.modules.video@1.0.0 (location: C:\Users\mbc\Documents\git\gundam-game\gundam game\Library\PackageCache\com.unity.modules.video)
    com.unity.modules.wind@1.0.0 (location: C:\Users\mbc\Documents\git\gundam-game\gundam game\Library\PackageCache\com.unity.modules.wind)
    com.unity.modules.xr@1.0.0 (location: C:\Users\mbc\Documents\git\gundam-game\gundam game\Library\PackageCache\com.unity.modules.xr)
    com.unity.modules.subsystems@1.0.0 (location: C:\Users\mbc\Documents\git\gundam-game\gundam game\Library\PackageCache\com.unity.modules.subsystems)
    com.unity.modules.hierarchycore@1.0.0 (location: C:\Users\mbc\Documents\git\gundam-game\gundam game\Library\PackageCache\com.unity.modules.hierarchycore)
    com.unity.mathematics@1.4.0 (location: C:\Users\mbc\Documents\git\gundam-game\gundam game\Library\PackageCache\com.unity.mathematics@8306a64d0cd6)
    com.unity.ext.nunit@2.1.0 (location: C:\Users\mbc\Documents\git\gundam-game\gundam game\Library\PackageCache\com.unity.ext.nunit@0198eae3b53e)
    com.unity.render-pipelines.core@17.6.0 (location: C:\Users\mbc\Documents\git\gundam-game\gundam game\Library\PackageCache\com.unity.render-pipelines.core@2d66c71e606e)
    com.unity.shadergraph@17.6.0 (location: C:\Users\mbc\Documents\git\gundam-game\gundam game\Library\PackageCache\com.unity.shadergraph@ef6135652377)
    com.unity.render-pipelines.universal-config@17.6.0 (location: C:\Users\mbc\Documents\git\gundam-game\gundam game\Library\PackageCache\com.unity.render-pipelines.universal-config@561422b74439)
    com.unity.editorcoroutines@6.6.0 (location: C:\Users\mbc\Documents\git\gundam-game\gundam game\Library\PackageCache\com.unity.editorcoroutines@8cd72baa102a)
    com.unity.collections@6.6.0 (location: C:\Users\mbc\Documents\git\gundam-game\gundam game\Library\PackageCache\com.unity.collections@10fff0607388)
    com.unity.graph-authoring@1.0.0 (location: C:\Users\mbc\Documents\git\gundam-game\gundam game\Library\PackageCache\com.unity.graph-authoring@cfd2588851ee)
    com.unity.burst@2.0.0 (location: C:\Users\mbc\Documents\git\gundam-game\gundam game\Library\PackageCache\com.unity.burst@626e66ab421b)
    com.unity.test-framework.performance@6.6.0 (location: C:\Users\mbc\Documents\git\gundam-game\gundam game\Library\PackageCache\com.unity.test-framework.performance@0a60b857a52e)
[Subsystems] Looking for new subsystems at path C:\Users\mbc\Documents\git\gundam-game\gundam game\Library\PackageCache\com.unity.xr.openxr@b5b77b4027be
[Subsystems] Novel subsystem found at Library/PackageCache/com.unity.xr.openxr@b5b77b4027be/Runtime/UnitySubsystemsManifest.json
[Subsystems] Discovering subsystems at path C:/Program Files/Unity/Hub/Editor/6000.6.0f1/Editor/Data/Resources/UnitySubsystems
[Subsystems] Discovering subsystems at path C:/Users/mbc/Documents/git/gundam-game/gundam game/Assets
[Subsystems] Discovering subsystems at path C:\Users\mbc\Documents\git\gundam-game\gundam game\Library\PackageCache\com.unity.xr.openxr@b5b77b4027be
[Subsystems] No descriptors matched for  examples in Library/PackageCache/com.unity.xr.openxr@b5b77b4027be/Runtime/UnitySubsystemsManifest.json.
[Subsystems] 1 'inputs' descriptors matched in Library/PackageCache/com.unity.xr.openxr@b5b77b4027be/Runtime/UnitySubsystemsManifest.json
[Subsystems] 1 'displays' descriptors matched in Library/PackageCache/com.unity.xr.openxr@b5b77b4027be/Runtime/UnitySubsystemsManifest.json
[Subsystems] No descriptors matched for  meshings in Library/PackageCache/com.unity.xr.openxr@b5b77b4027be/Runtime/UnitySubsystemsManifest.json.
[Subsystems] Discovering subsystems at path C:\Users\mbc\Documents\git\gundam-game\gundam game\Library\PackageCache\com.unity.xr.arfoundation@d57b0b4d336a
[Subsystems] No descriptors matched for  examples in Library/PackageCache/com.unity.xr.arfoundation@d57b0b4d336a/Runtime/UnitySubsystemsManifest.json.
[Subsystems] 1 'inputs' descriptors matched in Library/PackageCache/com.unity.xr.arfoundation@d57b0b4d336a/Runtime/UnitySubsystemsManifest.json
[Subsystems] No descriptors matched for  displays in Library/PackageCache/com.unity.xr.arfoundation@d57b0b4d336a/Runtime/UnitySubsystemsManifest.json.
[Subsystems] 1 'meshings' descriptors matched in Library/PackageCache/com.unity.xr.arfoundation@d57b0b4d336a/Runtime/UnitySubsystemsManifest.json
[Package Manager] Done registering packages in 0.00 seconds
Starting: C:\Program Files\Unity\Hub\Editor\6000.6.0f1\Editor\Data\Tools\BuildPipeline\bee_backend.exe --ipc --defer-dag-verification --dagfile="Library/Bee/1300b0aE.dag" --continue-on-failure --profile="Library/Bee/backend1.traceevents" ScriptAssemblies
WorkingDir: C:/Users/mbc/Documents/git/gundam-game/gundam game
ExitCode: 4 Duration: 0s260ms
[           0s] Csc Library/Bee/artifacts/1300b0aE.dag/UnityEngine.UI.dll (+2 others) [CacheMiss 1c56b663f70b518f5761220e68ce42d900000000000000000000000000000006]
Rebuilding DAG because FileSignature timestamp changed: Library/Bee/1300b0aE-inputdata.json
*** Tundra requires additional run (0.24 seconds), 1 items updated, 1565 evaluated
Starting: C:\Program Files\Unity\Hub\Editor\6000.6.0f1\Editor\Data\DotNetSdk\dotnet.exe "C:\Program Files\Unity\Hub\Editor\6000.6.0f1\Editor\Data\Tools\BuildPipeline\ScriptCompilationBuildProgram.exe" "Library/Bee/1300b0aE.dag.json" "Library/Bee/1300b0aE-inputdata.json" "Library\Bee\buildprogram0.traceevents"
WorkingDir: C:/Users/mbc/Documents/git/gundam-game/gundam game
ExitCode: 0 Duration: 1s619ms
Starting: C:\Program Files\Unity\Hub\Editor\6000.6.0f1\Editor\Data\Tools\BuildPipeline\bee_backend.exe --ipc --defer-dag-verification --dagfile="Library/Bee/1300b0aE.dag" --continue-on-failure --dagfilejson="Library\Bee\1300b0aE.dag.json" --profile="Library/Bee/backend2.traceevents" ScriptAssemblies
WorkingDir: C:/Users/mbc/Documents/git/gundam-game/gundam game
warn: Unity.ILPP.Runner.PostProcessingAssemblyLoadContext[0]
      Assembly system.runtime.interopservices.windowsruntime has duplicate hint path. Ignoring "C:\Program Files\Unity\Hub\Editor\6000.6.0f1\Editor\Data\UnityReferenceAssemblies\unity-4.8-api\Facades\System.Runtime.InteropServices.WindowsRuntime.dll" in favor of "C:\Program Files\Unity\Hub\Editor\6000.6.0f1\Editor\Data\NetStandard\Extensions\2.0.0\System.Runtime.InteropServices.WindowsRuntime.dll"
warn: Unity.ILPP.Runner.PostProcessingAssemblyLoadContext[0]
      Assembly system.componentmodel.composition has duplicate hint path. Ignoring "C:\Program Files\Unity\Hub\Editor\6000.6.0f1\Editor\Data\UnityReferenceAssemblies\unity-4.8-api\System.ComponentModel.Composition.dll" in favor of "C:\Program Files\Unity\Hub\Editor\6000.6.0f1\Editor\Data\NetStandard\compat\2.1.0\shims\netfx\System.ComponentModel.Composition.dll"
ExitCode: 0 Duration: 25s
Finished compiling graph: 1569 nodes, 36687 flattened edges (29251 ToBuild, 256 ToUse), maximum node priority 2134
[  33/1565  0s] WriteText Library/Bee/artifacts/1300b0aE.dag/UnityEngine.TestRunner.rsp2
[  51/1565  0s] WriteText Library/Bee/artifacts/1300b0aE.dag/UnityEngine.TestRunner.UnityAdditionalFile.txt
[ 170/1565  0s] WriteText Library/Bee/artifacts/1300b0aE.dag/UnityEngine.UI.rsp2
[ 173/1565  0s] WriteText Library/Bee/artifacts/1300b0aE.dag/UnityEngine.UI.UnityAdditionalFile.txt
[ 182/1565  0s] WriteText Library/Bee/artifacts/1300b0aE.dag/UnityEditor.TestRunner.rsp2
[ 184/1565  0s] WriteText Library/Bee/artifacts/1300b0aE.dag/UnityEditor.TestRunner.UnityAdditionalFile.txt
[ 187/1565  0s] WriteText Library/Bee/artifacts/1300b0aE.dag/UnityEditor.UI.UnityAdditionalFile.txt
[ 188/1565  0s] WriteText Library/Bee/artifacts/1300b0aE.dag/Unity.Mathematics.UnityAdditionalFile.txt
[ 189/1565  0s] WriteText Library/Bee/artifacts/1300b0aE.dag/Unity.Mathematics.rsp2
[ 190/1565  0s] WriteText Library/Bee/artifacts/1300b0aE.dag/UnityEditor.UI.rsp2
[ 191/1565  0s] WriteText Library/Bee/artifacts/1300b0aE.dag/Unity.Burst.UnityAdditionalFile.txt
[ 192/1565  0s] WriteText Library/Bee/artifacts/1300b0aE.dag/Unity.Burst.rsp2
[ 193/1565  0s] WriteText Library/Bee/artifacts/1300b0aE.dag/UnityEngine.UI.rsp
[ 194/1565  0s] WriteText Library/Bee/artifacts/1300b0aE.dag/UnityEditor.UI.rsp
[ 198/1565  0s] WriteText Library/Bee/artifacts/1300b0aE.dag/Unity.Mathematics.rsp
[ 199/1565  0s] WriteText Library/Bee/artifacts/1300b0aE.dag/Unity.Collections.rsp2
[ 200/1565  0s] WriteText Library/Bee/artifacts/1300b0aE.dag/Unity.Burst.rsp
[ 201/1565  0s] WriteText Library/Bee/artifacts/1300b0aE.dag/Unity.InputSystem.rsp2
[ 202/1565  0s] WriteText Library/Bee/artifacts/1300b0aE.dag/Unity.InputSystem.UnityAdditionalFile.txt
[ 203/1565  0s] WriteText Library/Bee/artifacts/1300b0aE.dag/Unity.Collections.UnityAdditionalFile.txt
[ 206/1565  0s] WriteText Library/Bee/artifacts/1300b0aE.dag/Unity.RenderPipelines.Core.Runtime.rsp2
[ 209/1565  0s] WriteText Library/Bee/artifacts/1300b0aE.dag/Unity.RenderPipelines.Core.Runtime.UnityAdditionalFile.txt
[ 210/1565  0s] WriteText Library/Bee/artifacts/1300b0aE.dag/Unity.UnifiedRayTracing.Runtime.UnityAdditionalFile.txt
[ 211/1565  0s] WriteText Library/Bee/artifacts/1300b0aE.dag/UnityEngine.SpatialTracking.UnityAdditionalFile.txt
[ 212/1565  0s] WriteText Library/Bee/artifacts/1300b0aE.dag/Unity.UnifiedRayTracing.Runtime.rsp2
[ 213/1565  0s] WriteText Library/Bee/artifacts/1300b0aE.dag/Unity.PathTracing.Runtime.rsp2
[ 214/1565  0s] WriteText Library/Bee/artifacts/1300b0aE.dag/UnityEngine.SpatialTracking.rsp2
[ 215/1565  0s] WriteText Library/Bee/artifacts/1300b0aE.dag/Unity.Collections.rsp
[ 216/1565  0s] WriteText Library/Bee/artifacts/1300b0aE.dag/Unity.XR.CoreUtils.rsp2
[ 217/1565  0s] WriteText Library/Bee/artifacts/1300b0aE.dag/Unity.XR.CoreUtils.UnityAdditionalFile.txt
[ 218/1565  0s] WriteText Library/Bee/artifacts/1300b0aE.dag/Unity.PathTracing.Runtime.UnityAdditionalFile.txt
[ 221/1565  0s] WriteText Library/Bee/artifacts/1300b0aE.dag/Unity.UnifiedRayTracing.Runtime.rsp
[ 223/1565  0s] WriteText Library/Bee/artifacts/1300b0aE.dag/Unity.Profiling.Core.rsp2
[ 224/1565  0s] WriteText Library/Bee/artifacts/1300b0aE.dag/Unity.InternalAPIEngineBridge.RenderPipelines.Core.Runtime.Shared.rsp2
[ 225/1565  0s] WriteText Library/Bee/artifacts/1300b0aE.dag/Unity.RenderPipelines.Core.Runtime.rsp
[ 227/1565  0s] WriteText Library/Bee/artifacts/1300b0aE.dag/Unity.Profiling.Core.UnityAdditionalFile.txt
[ 228/1565  0s] WriteText Library/Bee/artifacts/1300b0aE.dag/Unity.InternalAPIEngineBridge.RenderPipelines.Core.Runtime.Shared.UnityAdditionalFile.txt
[ 229/1565  0s] WriteText Library/Bee/artifacts/1300b0aE.dag/Unity.RenderPipelines.GPUDriven.Runtime.UnityAdditionalFile.txt
[ 230/1565  0s] WriteText Library/Bee/artifacts/1300b0aE.dag/Unity.RenderPipelines.Core.Runtime.Shared.rsp2
[ 231/1565  0s] WriteText Library/Bee/artifacts/1300b0aE.dag/Unity.RenderPipelines.GPUDriven.Runtime.rsp2
[ 232/1565  0s] WriteText Library/Bee/artifacts/1300b0aE.dag/Unity.XR.CoreUtils.rsp
[ 233/1565  0s] WriteText Library/Bee/artifacts/1300b0aE.dag/Unity.Profiling.Core.rsp
[ 234/1565  0s] WriteText Library/Bee/artifacts/1300b0aE.dag/Unity.SurfaceCache.Runtime.rsp2
[ 235/1565  0s] WriteText Library/Bee/artifacts/1300b0aE.dag/Unity.PathTracing.Runtime.rsp
[ 236/1565  0s] WriteText Library/Bee/artifacts/1300b0aE.dag/Unity.SurfaceCache.Runtime.UnityAdditionalFile.txt
[ 237/1565  0s] WriteText Library/Bee/artifacts/1300b0aE.dag/Unity.RenderPipelines.Core.Runtime.Shared.UnityAdditionalFile.txt
[ 238/1565  0s] WriteText Library/Bee/artifacts/1300b0aE.dag/Unity.RenderPipeline.Universal.ShaderLibrary.UnityAdditionalFile.txt
[ 239/1565  0s] WriteText Library/Bee/artifacts/1300b0aE.dag/Unity.RenderPipeline.Universal.ShaderLibrary.rsp2
[ 240/1565  0s] WriteText Library/Bee/artifacts/1300b0aE.dag/Unity.RenderPipelines.Universal.Config.Runtime.rsp2
[ 241/1565  0s] WriteText Library/Bee/artifacts/1300b0aE.dag/Unity.InternalAPIEngineBridge.RenderPipelines.Core.Runtime.Shared.rsp
[ 242/1565  0s] WriteText Library/Bee/artifacts/1300b0aE.dag/Unity.InternalAPIEngineBridge.ObjectDispatcher.Runtime.UnityAdditionalFile.txt
[ 243/1565  0s] WriteText Library/Bee/artifacts/1300b0aE.dag/Unity.RenderPipelines.Universal.Config.Runtime.UnityAdditionalFile.txt
[ 247/1565  0s] WriteText Library/Bee/artifacts/1300b0aE.dag/Unity.XR.Management.UnityAdditionalFile.txt
[ 249/1565  0s] WriteText Library/Bee/artifacts/1300b0aE.dag/Unity.InternalAPIEngineBridge.ObjectDispatcher.Runtime.rsp2
[ 251/1565  0s] WriteText Library/Bee/artifacts/1300b0aE.dag/Unity.XR.Management.rsp2
[ 253/1565  0s] WriteText Library/Bee/artifacts/1300b0aE.dag/Unity.XR.CoreUtils.Editor.UnityAdditionalFile.txt
[ 254/1565  0s] WriteText Library/Bee/artifacts/1300b0aE.dag/Unity.XR.CoreUtils.Editor.rsp2
[ 256/1565  0s] WriteText Library/Bee/artifacts/1300b0aE.dag/Unity.RenderPipelines.Universal.Runtime.UnityAdditionalFile.txt
[ 257/1565  0s] WriteText Library/Bee/artifacts/1300b0aE.dag/Unity.RenderPipelines.Universal.Runtime.rsp2
[ 258/1565  0s] WriteText Library/Bee/artifacts/1300b0aE.dag/Unity.SurfaceCache.Runtime.rsp
[ 260/1565  0s] WriteText Library/Bee/artifacts/1300b0aE.dag/Unity.RenderPipelines.Core.Runtime.Shared.rsp
[ 261/1565  0s] WriteText Library/Bee/artifacts/1300b0aE.dag/Unity.RenderPipeline.Universal.ShaderLibrary.rsp
[ 263/1565  0s] WriteText Library/Bee/artifacts/1300b0aE.dag/Unity.RenderPipelines.Universal.Config.Runtime.rsp
[ 264/1565  0s] WriteText Library/Bee/artifacts/1300b0aE.dag/Unity.RenderPipelines.GPUDriven.Runtime.rsp
[ 266/1565  0s] WriteText Library/Bee/artifacts/1300b0aE.dag/Unity.XR.Management.Editor.UnityAdditionalFile.txt
[ 267/1565  0s] WriteText Library/Bee/artifacts/1300b0aE.dag/Unity.XR.Management.Editor.rsp2
[ 268/1565  0s] WriteText Library/Bee/artifacts/1300b0aE.dag/Unity.InternalAPIEngineBridge.ObjectDispatcher.Runtime.rsp
[ 269/1565  0s] WriteText Library/Bee/artifacts/1300b0aE.dag/Unity.XR.Management.rsp
[ 271/1565  0s] WriteText Library/Bee/artifacts/1300b0aE.dag/Unity.XR.CoreUtils.Editor.rsp
[ 273/1565  0s] WriteText Library/Bee/artifacts/1300b0aE.dag/Unity.XR.CompositionLayers.rsp2
[ 274/1565  0s] WriteText Library/Bee/artifacts/1300b0aE.dag/Unity.XR.CompositionLayers.UnityAdditionalFile.txt
[ 277/1565  0s] WriteText Library/Bee/artifacts/1300b0aE.dag/Unity.Collections.CodeGen.UnityAdditionalFile.txt
[ 278/1565  0s] WriteText Library/Bee/artifacts/1300b0aE.dag/Unity.XR.OpenXR.rsp2
[ 281/1565  0s] WriteText Library/Bee/artifacts/1300b0aE.dag/Unity.Collections.CodeGen.rsp2
[ 282/1565  0s] WriteText Library/Bee/artifacts/1300b0aE.dag/Unity.XR.OpenXR.UnityAdditionalFile.txt
[ 283/1565  0s] WriteText Library/Bee/artifacts/1300b0aE.dag/Unity.XR.Management.Editor.rsp
[ 284/1565  0s] WriteText Library/Bee/artifacts/1300b0aE.dag/Unity.XR.ARSubsystems.UnityAdditionalFile.txt
[ 285/1565  0s] WriteText Library/Bee/artifacts/1300b0aE.dag/Unity.RenderPipelines.Universal.Runtime.rsp
[ 289/1565  0s] WriteText Library/Bee/artifacts/1300b0aE.dag/Unity.XR.OpenXR.rsp
[ 290/1565  0s] WriteText Library/Bee/artifacts/1300b0aE.dag/Unity.XR.OpenXR.Features.MetaQuestSupport.UnityAdditionalFile.txt
[ 291/1565  0s] WriteText Library/Bee/artifacts/1300b0aE.dag/Unity.Collections.CodeGen.rsp
[ 293/1565  0s] WriteText Library/Bee/artifacts/1300b0aE.dag/Unity.XR.CompositionLayers.rsp
[ 294/1565  0s] WriteText Library/Bee/artifacts/1300b0aE.dag/Unity.XR.ARSubsystems.rsp2
[ 295/1565  0s] WriteText Library/Bee/artifacts/1300b0aE.dag/Unity.XR.OpenXR.Features.OculusQuestSupport.rsp2
[ 296/1565  0s] WriteText Library/Bee/artifacts/1300b0aE.dag/Unity.XR.OpenXR.Features.OculusQuestSupport.UnityAdditionalFile.txt
[ 297/1565  0s] WriteText Library/Bee/artifacts/1300b0aE.dag/Unity.XR.OpenXR.Features.MetaQuestSupport.rsp2
[ 299/1565  0s] WriteText Library/Bee/artifacts/1300b0aE.dag/Unity.XR.ARFoundation.InternalUtils.rsp2
[ 300/1565  0s] WriteText Library/Bee/artifacts/1300b0aE.dag/Unity.XR.ARSubsystems.rsp
[ 301/1565  0s] WriteText Library/Bee/artifacts/1300b0aE.dag/Unity.XR.OpenXR.Features.MetaQuestSupport.rsp
[ 302/1565  0s] WriteText Library/Bee/artifacts/1300b0aE.dag/Unity.XR.ARFoundation.InternalUtils.UnityAdditionalFile.txt
[ 303/1565  0s] WriteText Library/Bee/artifacts/1300b0aE.dag/Unity.XR.Hands.rsp2
[ 304/1565  0s] WriteText Library/Bee/artifacts/1300b0aE.dag/Unity.XR.OpenXR.Features.OculusQuestSupport.rsp
[ 307/1565  0s] WriteText Library/Bee/artifacts/1300b0aE.dag/Unity.XR.Hands.UnityAdditionalFile.txt
[ 308/1565  0s] WriteText Library/Bee/artifacts/1300b0aE.dag/Unity.VisualScripting.Core.UnityAdditionalFile.txt
[ 309/1565  0s] WriteText Library/Bee/artifacts/1300b0aE.dag/Unity.InternalAPIEngineBridge.004.rsp2
[ 311/1565  0s] WriteText Library/Bee/artifacts/1300b0aE.dag/Unity.InternalAPIEngineBridge.004.UnityAdditionalFile.txt
[ 312/1565  0s] WriteText Library/Bee/artifacts/1300b0aE.dag/Unity.XR.ARFoundation.UnityAdditionalFile.txt
[ 313/1565  0s] WriteText Library/Bee/artifacts/1300b0aE.dag/Unity.VisualScripting.Core.rsp2
[ 314/1565  0s] WriteText Library/Bee/artifacts/1300b0aE.dag/Unity.XR.ARFoundation.rsp2
[ 315/1565  0s] WriteText Library/Bee/artifacts/1300b0aE.dag/Unity.XR.ARFoundation.InternalUtils.rsp
[ 316/1565  0s] WriteText Library/Bee/artifacts/1300b0aE.dag/Unity.TextMeshPro.rsp2
[ 317/1565  0s] WriteText Library/Bee/artifacts/1300b0aE.dag/Unity.VisualScripting.Core.rsp
[ 318/1565  0s] WriteText Library/Bee/artifacts/1300b0aE.dag/Unity.InputSystem.ForUI.rsp2
[ 319/1565  0s] WriteText Library/Bee/artifacts/1300b0aE.dag/Unity.XR.Simulation.UnityAdditionalFile.txt
[ 321/1565  0s] WriteText Library/Bee/artifacts/1300b0aE.dag/Unity.InternalAPIEngineBridge.004.rsp
[ 322/1565  0s] WriteText Library/Bee/artifacts/1300b0aE.dag/Unity.XR.Simulation.rsp2
[ 323/1565  0s] WriteText Library/Bee/artifacts/1300b0aE.dag/Unity.TextMeshPro.UnityAdditionalFile.txt
[ 324/1565  0s] WriteText Library/Bee/artifacts/1300b0aE.dag/Unity.InputSystem.ForUI.UnityAdditionalFile.txt
[ 325/1565  0s] WriteText Library/Bee/artifacts/1300b0aE.dag/UnityEngine.XR.LegacyInputHelpers.UnityAdditionalFile.txt
[ 326/1565  0s] WriteText Library/Bee/artifacts/1300b0aE.dag/UnityEngine.XR.LegacyInputHelpers.rsp2
[ 327/1565  0s] WriteText Library/Bee/artifacts/1300b0aE.dag/Unity.InternalAPIEngineBridge.RenderPipelines.Core.Editor.UnityAdditionalFile.txt
[ 332/1565  0s] WriteText Library/Bee/artifacts/1300b0aE.dag/Unity.XR.Hands.rsp
[ 333/1565  0s] WriteText Library/Bee/artifacts/1300b0aE.dag/Unity.InternalAPIEngineBridge.RenderPipelines.Core.Editor.rsp2
[ 334/1565  0s] WriteText Library/Bee/artifacts/1300b0aE.dag/Unity.VisualScripting.Flow.rsp2
[ 335/1565  0s] WriteText Library/Bee/artifacts/1300b0aE.dag/Unity.PathTracing.Editor.UnityAdditionalFile.txt
[ 338/1565  0s] WriteText Library/Bee/artifacts/1300b0aE.dag/Unity.PathTracing.Editor.rsp2
[ 341/1565  0s] WriteText Library/Bee/artifacts/1300b0aE.dag/Unity.VisualScripting.Flow.UnityAdditionalFile.txt
[ 342/1565  0s] WriteResponseFile Library/Bee/artifacts/rsp/4747638433968585886.rsp
[ 343/1565  0s] WriteText Library/Bee/artifacts/1300b0aE.dag/Unity.XR.ARFoundation.rsp
[ 345/1565  0s] WriteText Library/Bee/artifacts/1300b0aE.dag/Unity.VisualScripting.Core.Editor.UnityAdditionalFile.txt
[ 346/1565  0s] WriteText Library/Bee/artifacts/1300b0aE.dag/Unity.XR.Interaction.Toolkit.UnityAdditionalFile.txt
[ 347/1565  0s] WriteText Library/Bee/artifacts/1300b0aE.dag/Unity.VisualScripting.Core.Editor.rsp2
[ 348/1565  0s] WriteText Library/Bee/artifacts/1300b0aE.dag/Unity.XR.Interaction.Toolkit.rsp2
[ 349/1565  0s] WriteText Library/Bee/artifacts/1300b0aE.dag/Unity.TextMeshPro.rsp
[ 350/1565  0s] WriteText Library/Bee/artifacts/1300b0aE.dag/Unity.XR.OpenXR.Editor.rsp2
[ 351/1565  0s] WriteText Library/Bee/artifacts/1300b0aE.dag/Unity.RenderPipelines.Core.Editor.rsp2
[ 352/1565  0s] WriteText Library/Bee/artifacts/1300b0aE.dag/Unity.RenderPipelines.Core.Editor.UnityAdditionalFile.txt
[ 354/1565  0s] WriteText Library/Bee/artifacts/1300b0aE.dag/Unity.PathTracing.Editor.rsp
[ 355/1565  0s] WriteText Library/Bee/artifacts/1300b0aE.dag/Unity.InternalAPIEngineBridge.RenderPipelines.Core.Editor.rsp
[ 356/1565  0s] WriteText Library/Bee/artifacts/1300b0aE.dag/Unity.XR.OpenXR.Editor.UnityAdditionalFile.txt
[ 357/1565  0s] WriteText Library/Bee/artifacts/1300b0aE.dag/Unity.XR.Simulation.rsp
[ 360/1565  0s] WriteText Library/Bee/artifacts/1300b0aE.dag/Unity.InternalAPIEditorBridge.ShaderGraph.Editor.rsp2
[ 361/1565  0s] WriteText Library/Bee/artifacts/1300b0aE.dag/Unity.VisualScripting.Flow.rsp
[ 362/1565  0s] WriteText Library/Bee/artifacts/1300b0aE.dag/Unity.GraphAuthoring.Editor.rsp2
[ 363/1565  0s] WriteText Library/Bee/artifacts/1300b0aE.dag/Unity.GraphAuthoring.Editor.UnityAdditionalFile.txt
[ 364/1565  0s] WriteText Library/Bee/artifacts/1300b0aE.dag/Unity.Searcher.Editor.UnityAdditionalFile.txt
[ 368/1565  0s] WriteText Library/Bee/artifacts/1300b0aE.dag/Unity.Searcher.Editor.rsp2
[ 369/1565  0s] WriteText Library/Bee/artifacts/1300b0aE.dag/Unity.InternalAPIEditorBridge.ShaderGraph.Editor.UnityAdditionalFile.txt
[ 370/1565  0s] WriteText Library/Bee/artifacts/1300b0aE.dag/Unity.ShaderGraph.Utilities.rsp2
[ 371/1565  0s] WriteText Library/Bee/artifacts/1300b0aE.dag/Unity.ShaderGraph.Utilities.UnityAdditionalFile.txt
[ 375/1565  0s] WriteText Library/Bee/artifacts/1300b0aE.dag/Unity.VisualScripting.Core.Editor.rsp
[ 376/1565  0s] WriteText Library/Bee/artifacts/1300b0aE.dag/Unity.VisualScripting.Flow.Editor.UnityAdditionalFile.txt
[ 377/1565  0s] WriteText Library/Bee/artifacts/1300b0aE.dag/Unity.VisualScripting.State.rsp2
[ 378/1565  0s] WriteText Library/Bee/artifacts/1300b0aE.dag/Unity.RenderPipelines.Core.Editor.rsp
[ 379/1565  0s] WriteText Library/Bee/artifacts/1300b0aE.dag/Unity.XR.Interaction.Toolkit.rsp
[ 380/1565  0s] WriteText Library/Bee/artifacts/1300b0aE.dag/Unity.InternalAPIEditorBridge.ShaderGraph.Editor.rsp
[ 381/1565  0s] WriteText Library/Bee/artifacts/1300b0aE.dag/Unity.VisualScripting.Flow.Editor.rsp2
[ 382/1565  0s] WriteText Library/Bee/artifacts/1300b0aE.dag/Unity.VisualScripting.State.UnityAdditionalFile.txt
[ 383/1565  0s] WriteText Library/Bee/artifacts/1300b0aE.dag/Unity.GraphAuthoring.Editor.rsp
[ 384/1565  0s] WriteText Library/Bee/artifacts/1300b0aE.dag/Unity.ShaderGraph.Editor.UnityAdditionalFile.txt
[ 385/1565  0s] WriteText Library/Bee/artifacts/1300b0aE.dag/Unity.RenderPipelines.Universal.2D.Runtime.rsp2
[ 386/1565  0s] WriteText Library/Bee/artifacts/1300b0aE.dag/Unity.XR.OpenXR.Editor.rsp
[ 388/1565  0s] WriteText Library/Bee/artifacts/1300b0aE.dag/Unity.RenderPipelines.Universal.2D.Runtime.UnityAdditionalFile.txt
[ 392/1565  0s] WriteText Library/Bee/artifacts/1300b0aE.dag/Unity.ShaderGraph.Utilities.rsp
[ 393/1565  0s] WriteText Library/Bee/artifacts/1300b0aE.dag/Unity.RenderPipelines.Core.Editor.Shared.rsp2
[ 396/1565  0s] WriteText Library/Bee/artifacts/1300b0aE.dag/Unity.AI.Navigation.Editor.ConversionSystem.rsp2
[ 398/1565  0s] WriteText Library/Bee/artifacts/1300b0aE.dag/Unity.ShaderGraph.Editor.rsp2
[ 399/1565  0s] WriteText Library/Bee/artifacts/1300b0aE.dag/Unity.AI.Navigation.Editor.ConversionSystem.UnityAdditionalFile.txt
[ 400/1565  0s] WriteText Library/Bee/artifacts/1300b0aE.dag/Unity.RenderPipelines.Core.Editor.Shared.UnityAdditionalFile.txt
[ 401/1565  0s] WriteText Library/Bee/artifacts/1300b0aE.dag/Unity.AI.Navigation.rsp2
[ 402/1565  0s] WriteText Library/Bee/artifacts/1300b0aE.dag/Unity.AI.Navigation.UnityAdditionalFile.txt
[ 405/1565  0s] WriteText Library/Bee/artifacts/1300b0aE.dag/Unity.VisualScripting.Flow.Editor.rsp
[ 406/1565  0s] WriteText Library/Bee/artifacts/1300b0aE.dag/Unity.VisualScripting.State.rsp
[ 407/1565  0s] WriteText Library/Bee/artifacts/1300b0aE.dag/Unity.RenderPipelines.Core.Editor.Shared.rsp
[ 408/1565  0s] WriteText Library/Bee/artifacts/1300b0aE.dag/Unity.XR.Interaction.Toolkit.Editor.rsp2
[ 409/1565  0s] WriteText Library/Bee/artifacts/1300b0aE.dag/Unity.PlasticSCM.Editor.rsp2
[ 410/1565  0s] WriteText Library/Bee/artifacts/1300b0aE.dag/Unity.XR.Interaction.Toolkit.Editor.UnityAdditionalFile.txt
[ 411/1565  0s] WriteText Library/Bee/artifacts/1300b0aE.dag/Unity.AI.Navigation.rsp
[ 413/1565  0s] WriteText Library/Bee/artifacts/1300b0aE.dag/Unity.XR.Hands.Analytics.Editor.UnityAdditionalFile.txt
[ 414/1565  0s] WriteText Library/Bee/artifacts/1300b0aE.dag/Unity.RenderPipelines.Universal.2D.Runtime.rsp
[ 415/1565  0s] WriteText Library/Bee/artifacts/1300b0aE.dag/Unity.XR.Hands.Analytics.Editor.rsp2
[ 416/1565  0s] WriteText Library/Bee/artifacts/1300b0aE.dag/Unity.ShaderGraph.Editor.rsp
[ 417/1565  0s] WriteText Library/Bee/artifacts/1300b0aE.dag/Unity.XR.ARAnalytics.Editor.rsp2
[ 418/1565  0s] WriteText Library/Bee/artifacts/1300b0aE.dag/Unity.PlasticSCM.Editor.UnityAdditionalFile.txt
[ 419/1565  0s] WriteText Library/Bee/artifacts/1300b0aE.dag/Unity.XR.CompositionLayers.UIInteraction.rsp2
[ 420/1565  0s] WriteText Library/Bee/artifacts/1300b0aE.dag/Unity.XR.ARAnalytics.Editor.UnityAdditionalFile.txt
[ 421/1565  0s] WriteText Library/Bee/artifacts/1300b0aE.dag/Unity.XR.CompositionLayers.UIInteraction.UnityAdditionalFile.txt
[ 422/1565  0s] WriteText Library/Bee/artifacts/1300b0aE.dag/Unity.EditorCoroutines.Editor.UnityAdditionalFile.txt
[ 423/1565  0s] WriteText Library/Bee/artifacts/1300b0aE.dag/Unity.AI.Navigation.Editor.ConversionSystem.rsp
[ 424/1565  0s] WriteText Library/Bee/artifacts/1300b0aE.dag/Unity.XR.OpenXR.Features.MetaHandMeshData.rsp2
[ 425/1565  0s] WriteText Library/Bee/artifacts/1300b0aE.dag/Unity.XR.Interaction.Toolkit.Analytics.Editor.rsp2
[ 426/1565  0s] WriteText Library/Bee/artifacts/1300b0aE.dag/Unity.XR.Interaction.Toolkit.Analytics.Editor.UnityAdditionalFile.txt
[ 427/1565  0s] WriteText Library/Bee/artifacts/1300b0aE.dag/Unity.Timeline.rsp2
[ 428/1565  0s] WriteText Library/Bee/artifacts/1300b0aE.dag/Unity.XR.AndroidOpenXR.rsp2
[ 429/1565  0s] WriteText Library/Bee/artifacts/1300b0aE.dag/Unity.XR.AndroidOpenXR.UnityAdditionalFile.txt
[ 430/1565  0s] WriteText Library/Bee/artifacts/1300b0aE.dag/Unity.XR.ARFoundation.VisualScripting.rsp2
[ 432/1565  0s] WriteText Library/Bee/artifacts/1300b0aE.dag/Unity.XR.OpenXR.Features.MetaHandMeshData.UnityAdditionalFile.txt
[ 433/1565  0s] WriteText Library/Bee/artifacts/1300b0aE.dag/Unity.XR.ARFoundation.VisualScripting.UnityAdditionalFile.txt
[ 435/1565  0s] WriteText Library/Bee/artifacts/1300b0aE.dag/Unity.RenderPipelines.Universal.Editor.rsp2
[ 438/1565  0s] WriteText Library/Bee/artifacts/1300b0aE.dag/Unity.RenderPipelines.Universal.Editor.UnityAdditionalFile.txt
[ 439/1565  0s] WriteText Library/Bee/artifacts/1300b0aE.dag/Unity.EditorCoroutines.Editor.rsp2
[ 441/1565  0s] WriteText Library/Bee/artifacts/1300b0aE.dag/Unity.Timeline.UnityAdditionalFile.txt
[ 447/1565  0s] WriteText Library/Bee/artifacts/1300b0aE.dag/Unity.VisualScripting.State.Editor.UnityAdditionalFile.txt
[ 448/1565  0s] WriteText Library/Bee/artifacts/1300b0aE.dag/Unity.VisualScripting.State.Editor.rsp2
[ 452/1565  0s] WriteText Library/Bee/artifacts/1300b0aE.dag/Unity.AI.Navigation.Editor.UnityAdditionalFile.txt
[ 453/1565  0s] WriteText Library/Bee/artifacts/1300b0aE.dag/Unity.AI.Navigation.Editor.rsp2
[           0s] Csc Library/Bee/artifacts/1300b0aE.dag/UnityEngine.UI.dll (+2 others) [CacheMiss 79e3ce13783b455d81d6f8e1d876e31000000000000000000000000000000006]
[ 454/1565  0s] WriteText Library/Bee/artifacts/1300b0aE.dag/Unity.XR.OpenXR.Features.RuntimeDebugger.UnityAdditionalFile.txt
[ 455/1565  0s] WriteText Library/Bee/artifacts/1300b0aE.dag/Unity.XR.OpenXR.Features.RuntimeDebugger.rsp2
[ 456/1565  0s] WriteText Library/Bee/artifacts/1300b0aE.dag/Unity.PlasticSCM.Editor.rsp
[ 457/1565  0s] WriteText Library/Bee/artifacts/1300b0aE.dag/Unity.XR.ARAnalytics.Editor.rsp
[ 458/1565  0s] WriteText Library/Bee/artifacts/1300b0aE.dag/Unity.XR.Interaction.Toolkit.Editor.rsp
[ 459/1565  0s] WriteText Library/Bee/artifacts/1300b0aE.dag/Unity.XR.CompositionLayers.UIInteraction.rsp
[ 461/1565  0s] WriteText Library/Bee/artifacts/1300b0aE.dag/Unity.XR.Hands.Analytics.Editor.rsp
[ 462/1565  0s] WriteText Library/Bee/artifacts/1300b0aE.dag/Unity.XR.AndroidOpenXR.rsp
[ 463/1565  0s] WriteText Library/Bee/artifacts/1300b0aE.dag/Unity.VisualScripting.State.Editor.rsp
[ 464/1565  0s] WriteText Library/Bee/artifacts/1300b0aE.dag/Unity.AI.Navigation.Editor.rsp
[ 465/1565  0s] WriteText Library/Bee/artifacts/1300b0aE.dag/Unity.EditorCoroutines.Editor.rsp
[ 466/1565  0s] WriteText Library/Bee/artifacts/1300b0aE.dag/Unity.RenderPipelines.Universal.Editor.rsp
[ 467/1565  0s] WriteText Library/Bee/artifacts/1300b0aE.dag/Unity.XR.ARFoundation.VisualScripting.rsp
[ 468/1565  0s] WriteText Library/Bee/artifacts/1300b0aE.dag/Unity.Timeline.rsp
[ 469/1565  0s] WriteText Library/Bee/artifacts/1300b0aE.dag/Unity.Rider.Editor.UnityAdditionalFile.txt
[ 470/1565  0s] WriteText Library/Bee/artifacts/1300b0aE.dag/Unity.InputSystem.ForUI.Editor.UnityAdditionalFile.txt
[ 471/1565  0s] WriteText Library/Bee/artifacts/1300b0aE.dag/Unity.Rider.Editor.rsp2
[ 472/1565  0s] WriteText Library/Bee/artifacts/1300b0aE.dag/Unity.XR.OpenXR.Features.MetaHandMeshData.rsp
[ 473/1565  0s] WriteText Library/Bee/artifacts/1300b0aE.dag/Unity.VisualStudio.Editor.rsp2
[ 474/1565  0s] WriteText Library/Bee/artifacts/1300b0aE.dag/Unity.TextMeshPro.Editor.rsp2
[ 475/1565  0s] WriteText Library/Bee/artifacts/1300b0aE.dag/Unity.XR.OpenXR.Features.RuntimeDebugger.rsp
[ 476/1565  0s] WriteText Library/Bee/artifacts/1300b0aE.dag/Unity.VisualStudio.Editor.UnityAdditionalFile.txt
[ 477/1565  0s] WriteText Library/Bee/artifacts/1300b0aE.dag/Unity.XR.OpenXR.Features.MetaQuestSupport.Editor.UnityAdditionalFile.txt
[ 478/1565  0s] WriteText Library/Bee/artifacts/1300b0aE.dag/Unity.Timeline.Editor.UnityAdditionalFile.txt
[ 479/1565  0s] WriteText Library/Bee/artifacts/1300b0aE.dag/Unity.XR.Interaction.Toolkit.Analytics.Editor.rsp
[ 480/1565  0s] WriteText Library/Bee/artifacts/1300b0aE.dag/Unity.Collections.Tests.CoreCLR.PublicJobPrivateGeneric.rsp2
[ 481/1565  0s] WriteText Library/Bee/artifacts/1300b0aE.dag/Unity.Timeline.Editor.rsp2
[ 482/1565  0s] WriteText Library/Bee/artifacts/1300b0aE.dag/Unity.XR.OpenXR.Features.MetaQuestSupport.Editor.rsp2
[ 483/1565  0s] WriteText Library/Bee/artifacts/1300b0aE.dag/Unity.VisualScripting.SettingsProvider.Editor.UnityAdditionalFile.txt
[ 484/1565  0s] WriteText Library/Bee/artifacts/1300b0aE.dag/Unity.Collections.Tests.CoreCLR.PublicJobPrivateGeneric.UnityAdditionalFile.txt
[ 485/1565  0s] WriteText Library/Bee/artifacts/1300b0aE.dag/Unity.VisualScripting.SettingsProvider.Editor.rsp2
[ 486/1565  0s] WriteText Library/Bee/artifacts/1300b0aE.dag/Unity.XR.OpenXR.Features.OculusQuestSupport.Editor.UnityAdditionalFile.txt
[ 487/1565  0s] WriteText Library/Bee/artifacts/1300b0aE.dag/Unity.VisualScripting.Shared.Editor.UnityAdditionalFile.txt
[ 488/1565  0s] WriteText Library/Bee/artifacts/1300b0aE.dag/Unity.Collections.Tests.CoreCLR.ProtectedJobNested.rsp2
[ 489/1565  0s] WriteText Library/Bee/artifacts/1300b0aE.dag/Unity.VisualScripting.Shared.Editor.rsp2
[ 490/1565  0s] WriteText Library/Bee/artifacts/1300b0aE.dag/Unity.Collections.Tests.CoreCLR.ProtectedJobNested.UnityAdditionalFile.txt
[ 491/1565  0s] WriteText Library/Bee/artifacts/1300b0aE.dag/Unity.XR.ARFoundation.Editor.UnityAdditionalFile.txt
[ 492/1565  0s] WriteText Library/Bee/artifacts/1300b0aE.dag/Unity.XR.OpenXR.Features.OculusQuestSupport.Editor.rsp2
[ 493/1565  0s] WriteText Library/Bee/artifacts/1300b0aE.dag/Unity.XR.OpenXR.Features.RuntimeDebugger.Editor.UnityAdditionalFile.txt
[ 494/1565  0s] WriteText Library/Bee/artifacts/1300b0aE.dag/Unity.XR.ARFoundation.Editor.rsp2
[ 495/1565  0s] WriteText Library/Bee/artifacts/1300b0aE.dag/Unity.XR.ARFoundation.InternalUtils.Editor.UnityAdditionalFile.txt
[ 496/1565  0s] WriteText Library/Bee/artifacts/1300b0aE.dag/Unity.Collections.Tests.CoreCLR.PrivateJobNested.rsp2
[ 497/1565  0s] WriteText Library/Bee/artifacts/1300b0aE.dag/Unity.XR.OpenXR.Features.RuntimeDebugger.Editor.rsp2
[ 498/1565  0s] WriteText Library/Bee/artifacts/1300b0aE.dag/Unity.XR.ARFoundation.InternalUtils.Editor.rsp2
[ 499/1565  0s] WriteText Library/Bee/artifacts/1300b0aE.dag/Unity.Collections.Tests.CoreCLR.PrivateJobNested.UnityAdditionalFile.txt
[ 500/1565  0s] WriteText Library/Bee/artifacts/1300b0aE.dag/Unity.XR.ARFoundation.VisualScripting.Editor.UnityAdditionalFile.txt
[ 501/1565  0s] WriteText Library/Bee/artifacts/1300b0aE.dag/Unity.XR.Simulation.Editor.UnityAdditionalFile.txt
[ 502/1565  0s] WriteText Library/Bee/artifacts/1300b0aE.dag/Unity.XR.ARFoundation.VisualScripting.Editor.rsp2
[ 503/1565  0s] WriteText Library/Bee/artifacts/1300b0aE.dag/Unity.XR.ARSubsystems.Editor.UnityAdditionalFile.txt
[ 504/1565  0s] WriteText Library/Bee/artifacts/1300b0aE.dag/Unity.Collections.Tests.CoreCLR.InternalJobNestedPrivate.rsp2
[ 505/1565  0s] WriteText Library/Bee/artifacts/1300b0aE.dag/Unity.XR.Simulation.Editor.rsp2
[ 506/1565  0s] WriteText Library/Bee/artifacts/1300b0aE.dag/Unity.XR.ARSubsystems.Editor.rsp2
[ 507/1565  0s] WriteText Library/Bee/artifacts/1300b0aE.dag/Unity.Collections.Tests.CoreCLR.InternalJobNestedPrivate.UnityAdditionalFile.txt
[ 508/1565  0s] WriteText Library/Bee/artifacts/1300b0aE.dag/Unity.XR.AndroidOpenXR.Editor.UnityAdditionalFile.txt
[ 509/1565  0s] WriteText Library/Bee/artifacts/1300b0aE.dag/UnityEditor.SpatialTracking.UnityAdditionalFile.txt
[ 510/1565  0s] WriteText Library/Bee/artifacts/1300b0aE.dag/Unity.XR.AndroidOpenXR.Editor.rsp2
[ 511/1565  0s] WriteText Library/Bee/artifacts/1300b0aE.dag/Unity.Collections.Editor.rsp2
[ 512/1565  0s] WriteText Library/Bee/artifacts/1300b0aE.dag/Unity.XR.CompositionLayers.Editor.UnityAdditionalFile.txt
[ 513/1565  0s] WriteText Library/Bee/artifacts/1300b0aE.dag/Unity.RenderPipelines.ShaderGraph.ShaderGraphLibrary.rsp2
[ 514/1565  0s] WriteText Library/Bee/artifacts/1300b0aE.dag/UnityEditor.SpatialTracking.rsp2
[ 515/1565  0s] WriteText Library/Bee/artifacts/1300b0aE.dag/Unity.XR.CompositionLayers.Editor.rsp2
[ 516/1565  0s] WriteText Library/Bee/artifacts/1300b0aE.dag/Unity.Collections.Editor.UnityAdditionalFile.txt
[ 517/1565  0s] WriteText Library/Bee/artifacts/1300b0aE.dag/Unity.XR.CompositionLayers.UIInteraction.Editor.UnityAdditionalFile.txt
[ 518/1565  0s] WriteText Library/Bee/artifacts/1300b0aE.dag/UnityEditor.UI.Analytics.UnityAdditionalFile.txt
[ 519/1565  0s] WriteText Library/Bee/artifacts/1300b0aE.dag/Unity.XR.CompositionLayers.UIInteraction.Editor.rsp2
[ 521/1565  0s] WriteText Library/Bee/artifacts/1300b0aE.dag/Unity.AI.Navigation.Updater.rsp2
[ 522/1565  0s] WriteText Library/Bee/artifacts/1300b0aE.dag/Unity.XR.Hands.Analytics.Hooks.Editor.UnityAdditionalFile.txt
[ 523/1565  0s] WriteText Library/Bee/artifacts/1300b0aE.dag/UnityEditor.UI.Analytics.rsp2
[ 524/1565  0s] WriteText Library/Bee/artifacts/1300b0aE.dag/Unity.XR.Hands.Analytics.Hooks.Editor.rsp2
[ 525/1565  0s] WriteText Library/Bee/artifacts/1300b0aE.dag/Unity.AI.Navigation.Updater.UnityAdditionalFile.txt
[ 526/1565  0s] WriteText Library/Bee/artifacts/1300b0aE.dag/Unity.XR.Hands.Editor.UnityAdditionalFile.txt
[ 528/1565  0s] WriteText Library/Bee/artifacts/1300b0aE.dag/UnityEditor.XR.LegacyInputHelpers.UnityAdditionalFile.txt
[ 529/1565  0s] WriteText Library/Bee/artifacts/1300b0aE.dag/Unity.XR.Hands.Editor.rsp2
[ 530/1565  0s] WriteText Library/Bee/artifacts/1300b0aE.dag/Unity.XR.Hands.Samples.VisualizerSample.UnityAdditionalFile.txt
[ 531/1565  0s] WriteText Library/Bee/artifacts/1300b0aE.dag/UnityEditor.XR.LegacyInputHelpers.rsp2
[ 533/1565  0s] WriteText Library/Bee/artifacts/1300b0aE.dag/Unity.XR.Interaction.Toolkit.Analytics.Hooks.Editor.UnityAdditionalFile.txt
[ 534/1565  0s] WriteText Library/Bee/artifacts/1300b0aE.dag/Unity.TextMeshPro.Editor.UnityAdditionalFile.txt
[ 536/1565  0s] WriteText Library/Bee/artifacts/1300b0aE.dag/Unity.XR.Interaction.Toolkit.Analytics.Hooks.Editor.rsp2
[ 537/1565  0s] WriteText Library/Bee/artifacts/1300b0aE.dag/Unity.Rendering.LightTransport.Editor.rsp2
[ 538/1565  0s] WriteText Library/Bee/artifacts/1300b0aE.dag/Unity.Rendering.LightTransport.Editor.UnityAdditionalFile.txt
[ 539/1565  0s] WriteText Library/Bee/artifacts/1300b0aE.dag/Unity.XR.Interaction.Toolkit.Samples.Hands.Editor.UnityAdditionalFile.txt
[ 540/1565  0s] WriteText Library/Bee/artifacts/1300b0aE.dag/Unity.XR.Interaction.Toolkit.Samples.Hands.UnityAdditionalFile.txt
[ 542/1565  0s] WriteText Library/Bee/artifacts/1300b0aE.dag/Unity.RenderPipelines.Universal.Shaders.rsp2
[ 543/1565  0s] WriteText Library/Bee/artifacts/1300b0aE.dag/Unity.RenderPipelines.Universal.Shaders.UnityAdditionalFile.txt
[ 544/1565  0s] WriteText Library/Bee/artifacts/1300b0aE.dag/Unity.RenderPipelines.Universal.2D.Editor.Overrides.rsp2
[ 545/1565  0s] WriteText Library/Bee/artifacts/1300b0aE.dag/Unity.XR.Interaction.Toolkit.Samples.StarterAssets.Editor.UnityAdditionalFile.txt
[ 546/1565  0s] WriteText Library/Bee/artifacts/1300b0aE.dag/Unity.RenderPipelines.ShaderGraph.ShaderGraphLibrary.UnityAdditionalFile.txt
[ 547/1565  0s] WriteText Library/Bee/artifacts/1300b0aE.dag/Unity.RenderPipelines.Universal.2D.Editor.Overrides.UnityAdditionalFile.txt
[ 549/1565  0s] WriteText Library/Bee/artifacts/1300b0aE.dag/Unity.XR.Interaction.Toolkit.Samples.StarterAssets.UnityAdditionalFile.txt
[ 552/1565  0s] WriteText Library/Bee/artifacts/1300b0aE.dag/Unity.RenderPipelines.Core.ShaderLibrary.rsp2
[ 558/1565  0s] WriteText Library/Bee/artifacts/1300b0aE.dag/Unity.PlasticSCM.Editor.Assistant.rsp2
[ 566/1565  0s] WriteText Library/Bee/artifacts/1300b0aE.dag/Unity.XR.OpenXR.Features.ConformanceAutomation.UnityAdditionalFile.txt
[ 589/1565  0s] WriteText Library/Bee/artifacts/1300b0aE.dag/Unity.PlasticSCM.Editor.Assistant.UnityAdditionalFile.txt
[ 592/1565  0s] WriteText Library/Bee/artifacts/1300b0aE.dag/Unity.XR.OpenXR.Features.ConformanceAutomation.rsp2
[ 598/1565  0s] WriteText Library/Bee/artifacts/1300b0aE.dag/Unity.XR.OpenXR.Features.MetaHandMeshData.Editor.UnityAdditionalFile.txt
[ 599/1565  0s] WriteText Library/Bee/artifacts/1300b0aE.dag/Unity.RenderPipelines.Core.ShaderLibrary.UnityAdditionalFile.txt
[ 600/1565  0s] WriteText Library/Bee/artifacts/1300b0aE.dag/Unity.InputSystem.ForUI.Editor.rsp2
[ 602/1565  0s] WriteText Library/Bee/artifacts/1300b0aE.dag/Unity.XR.OpenXR.Features.MetaHandMeshData.Editor.rsp2
[ 603/1565  0s] WriteText Library/Bee/artifacts/1300b0aE.dag/Unity.XR.CompositionLayers.Editor.rsp
[ 604/1565  0s] WriteText Library/Bee/artifacts/1300b0aE.dag/Unity.XR.ARFoundation.Editor.rsp
[ 606/1565  0s] WriteText Library/Bee/artifacts/1300b0aE.dag/Unity.VisualScripting.Shared.Editor.rsp
[ 607/1565  0s] WriteText Library/Bee/artifacts/1300b0aE.dag/Unity.XR.CompositionLayers.UIInteraction.Editor.rsp
[ 612/1565  0s] WriteText Library/Bee/artifacts/1300b0aE.dag/Unity.XR.Hands.Analytics.Hooks.Editor.rsp
[ 613/1565  0s] WriteText Library/Bee/artifacts/1300b0aE.dag/Unity.XR.ARFoundation.InternalUtils.Editor.rsp
[ 614/1565  0s] WriteText Library/Bee/artifacts/1300b0aE.dag/Unity.VisualScripting.SettingsProvider.Editor.rsp
[ 615/1565  0s] WriteText Library/Bee/artifacts/1300b0aE.dag/Unity.XR.ARFoundation.VisualScripting.Editor.rsp
[ 616/1565  0s] WriteText Library/Bee/artifacts/1300b0aE.dag/Unity.XR.ARSubsystems.Editor.rsp
[ 617/1565  0s] WriteText Library/Bee/artifacts/1300b0aE.dag/Unity.Timeline.Editor.rsp
[ 619/1565  0s] WriteText Library/Bee/artifacts/1300b0aE.dag/Unity.XR.AndroidOpenXR.Editor.rsp
[ 620/1565  0s] WriteText Library/Bee/artifacts/1300b0aE.dag/Unity.XR.Hands.Editor.rsp
[ 621/1565  0s] WriteText Library/Bee/artifacts/1300b0aE.dag/Unity.XR.Interaction.Toolkit.Analytics.Hooks.Editor.rsp
[ 623/1565  0s] WriteText Library/Bee/artifacts/1300b0aE.dag/Unity.XR.OpenXR.Features.RuntimeDebugger.Editor.rsp
[ 624/1565  0s] WriteText Library/Bee/artifacts/1300b0aE.dag/Unity.Rendering.LightTransport.Editor.rsp
[ 625/1565  0s] WriteText Library/Bee/artifacts/1300b0aE.dag/Unity.XR.OpenXR.Features.ConformanceAutomation.rsp
[ 626/1565  0s] WriteText Library/Bee/artifacts/1300b0aE.dag/Unity.XR.OpenXR.Features.MetaQuestSupport.Editor.rsp
[ 627/1565  0s] WriteText Library/Bee/artifacts/1300b0aE.dag/Unity.XR.OpenXR.Features.MetaHandMeshData.Editor.rsp
[ 628/1565  0s] WriteText Library/Bee/artifacts/1300b0aE.dag/Unity.XR.OpenXR.Features.OculusQuestSupport.Editor.rsp
[ 629/1565  0s] WriteText Library/Bee/artifacts/1300b0aE.dag/Unity.XR.Simulation.Editor.rsp
[ 630/1565  0s] WriteText Library/Bee/artifacts/1300b0aE.dag/Unity.Collections.Tests.CoreCLR.InternalJobNestedPrivate.rsp
[ 632/1565  0s] WriteText Library/Bee/artifacts/1300b0aE.dag/Unity.RenderPipelines.Universal.2D.Editor.Overrides.rsp
[ 633/1565  0s] WriteText Library/Bee/artifacts/1300b0aE.dag/UnityEditor.UI.Analytics.rsp
[ 634/1565  0s] WriteText Library/Bee/artifacts/1300b0aE.dag/Unity.RenderPipelines.Core.ShaderLibrary.rsp
[ 635/1565  0s] WriteText Library/Bee/artifacts/1300b0aE.dag/Unity.AI.Navigation.Updater.rsp
[ 636/1565  0s] WriteText Library/Bee/artifacts/1300b0aE.dag/Unity.RenderPipelines.ShaderGraph.ShaderGraphLibrary.rsp
[ 637/1565  0s] WriteText Library/Bee/artifacts/1300b0aE.dag/Unity.RenderPipelines.Universal.Shaders.rsp
[ 640/1565  0s] WriteText Library/Bee/artifacts/1300b0aE.dag/Unity.XR.OpenXR.Features.MockRuntime.UnityAdditionalFile.txt
[ 641/1565  0s] WriteText Library/Bee/artifacts/1300b0aE.dag/Unity.XR.OpenXR.Features.MockRuntime.rsp2
[ 642/1565  0s] WriteText Library/Bee/artifacts/1300b0aE.dag/Unity.PlasticSCM.Editor.Assistant.rsp
[ 644/1565  0s] WriteText Library/Bee/artifacts/1300b0aE.dag/Unity.Collections.Editor.rsp
[ 654/1565  0s] WriteText Library/Bee/artifacts/1300b0aE.dag/Unity.Collections.Tests.CoreCLR.ProtectedJobNested.rsp
[ 655/1565  0s] WriteText Library/Bee/artifacts/1300b0aE.dag/Unity.Collections.Tests.CoreCLR.PublicJobPrivateGeneric.rsp
[ 657/1565  0s] WriteText Library/Bee/artifacts/1300b0aE.dag/Assembly-CSharp.UnityAdditionalFile.txt
[ 658/1565  0s] WriteText Library/Bee/artifacts/1300b0aE.dag/Unity.TextMeshPro.Editor.rsp
[ 661/1565  0s] WriteText Library/Bee/artifacts/1300b0aE.dag/Unity.Collections.Tests.CoreCLR.PrivateJobNested.rsp
[ 662/1565  0s] WriteText Library/Bee/artifacts/1300b0aE.dag/Unity.PerformanceTesting.UnityAdditionalFile.txt
[ 663/1565  0s] WriteText Library/Bee/artifacts/1300b0aE.dag/Unity.PerformanceTesting.rsp2
[ 664/1565  0s] WriteText Library/Bee/artifacts/1300b0aE.dag/Unity.XR.OpenXR.TestTooling.UnityAdditionalFile.txt
[ 665/1565  0s] WriteText Library/Bee/artifacts/1300b0aE.dag/Unity.InputSystem.TestFramework.UnityAdditionalFile.txt
[ 666/1565  0s] WriteText Library/Bee/artifacts/1300b0aE.dag/Unity.VisualScripting.DocCodeExamples.rsp2
[ 668/1565  0s] WriteText Library/Bee/artifacts/1300b0aE.dag/Unity.XR.OpenXR.Features.MockRuntime.rsp
[ 669/1565  0s] WriteText Library/Bee/artifacts/1300b0aE.dag/Unity.VisualScripting.DocCodeExamples.UnityAdditionalFile.txt
[ 670/1565  0s] WriteText Library/Bee/artifacts/1300b0aE.dag/Unity.XR.OpenXR.TestTooling.rsp2
[ 671/1565  0s] WriteText Library/Bee/artifacts/1300b0aE.dag/Unity.InputSystem.TestFramework.rsp2
[ 672/1565  0s] WriteText Library/Bee/artifacts/1300b0aE.dag/Unity.XR.Interaction.Toolkit.CodeSamples.Tests.rsp2
[ 673/1565  0s] WriteText Library/Bee/artifacts/1300b0aE.dag/Unity.PlasticSCM.Editor.Entities.UnityAdditionalFile.txt
[ 674/1565  0s] WriteText Library/Bee/artifacts/1300b0aE.dag/Unity.InputSystem.DocCodeSamples.rsp2
[ 676/1565  0s] WriteText Library/Bee/artifacts/1300b0aE.dag/Unity.XR.Interaction.Toolkit.CodeSamples.Tests.UnityAdditionalFile.txt
[ 677/1565  0s] WriteText Library/Bee/artifacts/1300b0aE.dag/Unity.PerformanceTesting.Editor.rsp2
[ 681/1565  0s] WriteText Library/Bee/artifacts/1300b0aE.dag/Unity.PerformanceTesting.Editor.UnityAdditionalFile.txt
[ 682/1565  0s] WriteText Library/Bee/artifacts/1300b0aE.dag/Unity.PlasticSCM.Editor.Entities.rsp2
[ 683/1565  0s] WriteText Library/Bee/artifacts/1300b0aE.dag/Unity.CollabProxy.Editor.rsp2
[ 684/1565  0s] WriteText Library/Bee/artifacts/1300b0aE.dag/Assembly-CSharp-Editor.UnityAdditionalFile.txt
[ 685/1565  0s] WriteText Library/Bee/artifacts/1300b0aE.dag/Unity.InputSystem.DocCodeSamples.UnityAdditionalFile.txt
[ 686/1565  0s] WriteText Library/Bee/artifacts/1300b0aE.dag/Unity.CollabProxy.Editor.UnityAdditionalFile.txt
[ 687/1565  0s] WriteText Library/Bee/artifacts/1300b0aE.dag/Unity.PlasticSCM.Editor.Entities.rsp
[ 688/1565  0s] WriteText Library/Bee/artifacts/1300b0aE.dag/Unity.VisualScripting.DocCodeExamples.rsp
[ 689/1565  0s] WriteText Library/Bee/artifacts/1300b0aE.dag/Unity.XR.OpenXR.TestTooling.rsp
[ 690/1565  0s] WriteText Library/Bee/artifacts/1300b0aE.dag/Unity.XR.Interaction.Toolkit.CodeSamples.Tests.rsp
[ 691/1565  0s] WriteText Library/Bee/artifacts/1300b0aE.dag/Unity.CollabProxy.Editor.rsp
[ 692/1565  0s] WriteResponseFile Library/Bee/artifacts/rsp/3518005517008711857.rsp
[ 693/1565  0s] WriteResponseFile Library/Bee/artifacts/rsp/18322172259747250364.rsp
[ 694/1565  0s] WriteResponseFile Library/Bee/artifacts/rsp/3918881700225894028.rsp
[ 695/1565  0s] WriteResponseFile Library/Bee/artifacts/rsp/15822029657000475244.rsp
[ 696/1565  0s] WriteResponseFile Library/Bee/artifacts/rsp/10592572341192533515.rsp
[ 697/1565  0s] WriteResponseFile Library/Bee/artifacts/rsp/10200443812552500153.rsp
[ 698/1565  0s] WriteResponseFile Library/Bee/artifacts/rsp/16321569443178917653.rsp
[ 699/1565  0s] WriteResponseFile Library/Bee/artifacts/rsp/10964915000351727870.rsp
[ 700/1565  0s] WriteResponseFile Library/Bee/artifacts/rsp/10287777301456656091.rsp
[ 701/1565  0s] WriteResponseFile Library/Bee/artifacts/rsp/7891406495858431766.rsp
[ 702/1565  0s] WriteResponseFile Library/Bee/artifacts/rsp/3370849169011239515.rsp
[ 703/1565  0s] WriteResponseFile Library/Bee/artifacts/rsp/9629354950831352730.rsp
[ 704/1565  0s] WriteResponseFile Library/Bee/artifacts/rsp/2127831845093717466.rsp
[ 705/1565  0s] WriteResponseFile Library/Bee/artifacts/rsp/14498275200965564255.rsp
[ 706/1565  0s] WriteResponseFile Library/Bee/artifacts/rsp/14368887405110194620.rsp
[ 707/1565  0s] WriteResponseFile Library/Bee/artifacts/rsp/7231817483963024754.rsp
[ 708/1565  0s] WriteResponseFile Library/Bee/artifacts/rsp/3023085688436868850.rsp
[ 709/1565  0s] WriteResponseFile Library/Bee/artifacts/rsp/11890430726474388459.rsp
[ 710/1565  0s] WriteResponseFile Library/Bee/artifacts/rsp/1730568949698979886.rsp
[ 711/1565  0s] WriteResponseFile Library/Bee/artifacts/rsp/7590946646390821393.rsp
[ 712/1565  0s] WriteResponseFile Library/Bee/artifacts/rsp/3107478729550022229.rsp
[ 713/1565  0s] WriteResponseFile Library/Bee/artifacts/rsp/14114216861087962936.rsp
[ 714/1565  0s] WriteResponseFile Library/Bee/artifacts/rsp/15407507564589497133.rsp
[ 715/1565  0s] WriteResponseFile Library/Bee/artifacts/rsp/13575030207746734013.rsp
[ 716/1565  0s] WriteResponseFile Library/Bee/artifacts/rsp/84154127211655800.rsp
[ 717/1565  0s] WriteResponseFile Library/Bee/artifacts/rsp/2192588629496528303.rsp
[ 718/1565  0s] WriteResponseFile Library/Bee/artifacts/rsp/18419658712868356837.rsp
[ 719/1565  0s] WriteResponseFile Library/Bee/artifacts/rsp/6950604289203661918.rsp
[ 720/1565  0s] WriteResponseFile Library/Bee/artifacts/rsp/18083169557732820060.rsp
[ 721/1565  0s] WriteResponseFile Library/Bee/artifacts/rsp/16395568721914979341.rsp
[ 722/1565  0s] WriteResponseFile Library/Bee/artifacts/rsp/652630873148961136.rsp
[ 723/1565  0s] WriteResponseFile Library/Bee/artifacts/rsp/2855630747675663083.rsp
[ 724/1565  0s] WriteResponseFile Library/Bee/artifacts/rsp/17849343244525841244.rsp
[ 725/1565  0s] WriteResponseFile Library/Bee/artifacts/rsp/37211576175058441.rsp
[ 726/1565  0s] WriteResponseFile Library/Bee/artifacts/rsp/5776278630737689099.rsp
[ 727/1565  0s] WriteResponseFile Library/Bee/artifacts/rsp/17426999905933582995.rsp
[ 728/1565  0s] WriteResponseFile Library/Bee/artifacts/rsp/13316254593911903285.rsp
[ 729/1565  0s] WriteResponseFile Library/Bee/artifacts/rsp/14336251148300618570.rsp
[ 730/1565  0s] WriteResponseFile Library/Bee/artifacts/rsp/4209231206861863559.rsp
[ 731/1565  0s] WriteResponseFile Library/Bee/artifacts/rsp/2536172375347383056.rsp
[ 732/1565  0s] WriteResponseFile Library/Bee/artifacts/rsp/2905846839826360205.rsp
[ 733/1565  0s] WriteResponseFile Library/Bee/artifacts/rsp/689206951341360518.rsp
[ 734/1565  0s] WriteResponseFile Library/Bee/artifacts/rsp/17594018927210330302.rsp
[ 735/1565  0s] WriteResponseFile Library/Bee/artifacts/rsp/1611384070209416087.rsp
[ 736/1565  0s] WriteResponseFile Library/Bee/artifacts/rsp/10644712806377601794.rsp
[ 737/1565  0s] WriteResponseFile Library/Bee/artifacts/rsp/1786589184738026931.rsp
[ 738/1565  0s] WriteResponseFile Library/Bee/artifacts/rsp/17757397605094907995.rsp
[ 739/1565  0s] WriteResponseFile Library/Bee/artifacts/rsp/17582761520220865613.rsp
[ 740/1565  0s] WriteResponseFile Library/Bee/artifacts/rsp/5662794653001366287.rsp
[ 741/1565  0s] WriteResponseFile Library/Bee/artifacts/rsp/13649084895652343885.rsp
[ 742/1565  0s] WriteResponseFile Library/Bee/artifacts/rsp/11028438113191017378.rsp
[ 743/1565  0s] WriteResponseFile Library/Bee/artifacts/rsp/13547972976404644037.rsp
[ 744/1565  0s] WriteResponseFile Library/Bee/artifacts/rsp/13465028941639940531.rsp
[ 745/1565  0s] WriteResponseFile Library/Bee/artifacts/rsp/18228123883807963745.rsp
[ 746/1565  0s] WriteResponseFile Library/Bee/artifacts/rsp/11856401118316307353.rsp
[ 747/1565  0s] WriteResponseFile Library/Bee/artifacts/rsp/14735455890999770776.rsp
[ 748/1565  0s] WriteResponseFile Library/Bee/artifacts/rsp/8025669161390045999.rsp
[ 749/1565  0s] WriteResponseFile Library/Bee/artifacts/rsp/14369114347215902198.rsp
[ 750/1565  0s] WriteResponseFile Library/Bee/artifacts/rsp/10888462760497858608.rsp
[ 751/1565  0s] WriteResponseFile Library/Bee/artifacts/rsp/10847175043202119228.rsp
[ 752/1565  0s] WriteResponseFile Library/Bee/artifacts/rsp/2760744808724484505.rsp
[ 753/1565  0s] WriteResponseFile Library/Bee/artifacts/rsp/15395031552315409884.rsp
[ 754/1565  0s] WriteResponseFile Library/Bee/artifacts/rsp/18298823222723036551.rsp
[ 755/1565  0s] WriteResponseFile Library/Bee/artifacts/rsp/57156944320432830.rsp
[ 756/1565  0s] WriteResponseFile Library/Bee/artifacts/rsp/16514798858072012908.rsp
[ 757/1565  0s] WriteResponseFile Library/Bee/artifacts/rsp/13966027777634868133.rsp
[ 758/1565  0s] WriteResponseFile Library/Bee/artifacts/rsp/2575615889380309149.rsp
[ 759/1565  0s] WriteResponseFile Library/Bee/artifacts/rsp/4795088146613915798.rsp
[ 760/1565  0s] WriteResponseFile Library/Bee/artifacts/rsp/7184406214830019930.rsp
[ 761/1565  0s] WriteResponseFile Library/Bee/artifacts/rsp/18239973129051649534.rsp
[ 762/1565  0s] WriteResponseFile Library/Bee/artifacts/rsp/9097835524928946318.rsp
[ 763/1565  0s] WriteResponseFile Library/Bee/artifacts/rsp/10448040221652917037.rsp
[ 764/1565  0s] WriteResponseFile Library/Bee/artifacts/rsp/16819261352220689616.rsp
[ 765/1565  0s] WriteResponseFile Library/Bee/artifacts/rsp/11823786202897662469.rsp
[ 766/1565  0s] WriteResponseFile Library/Bee/artifacts/rsp/7239542340248591632.rsp
[ 767/1565  0s] WriteResponseFile Library/Bee/artifacts/rsp/14435380771392905056.rsp
[ 768/1565  0s] WriteResponseFile Library/Bee/artifacts/rsp/2216919263825808113.rsp
[ 769/1565  0s] WriteResponseFile Library/Bee/artifacts/rsp/9557668497439746374.rsp
[ 770/1565  0s] WriteResponseFile Library/Bee/artifacts/rsp/3849849638900115169.rsp
[ 771/1565  0s] WriteResponseFile Library/Bee/artifacts/rsp/15979601967920272264.rsp
[ 772/1565  0s] WriteResponseFile Library/Bee/artifacts/rsp/11793339452918001205.rsp
[ 773/1565  0s] WriteResponseFile Library/Bee/artifacts/rsp/1375624500095824383.rsp
[ 774/1565  0s] WriteResponseFile Library/Bee/artifacts/rsp/7908798050243889438.rsp
[ 775/1565  0s] WriteResponseFile Library/Bee/artifacts/rsp/1981472465749282022.rsp
[ 776/1565  0s] WriteResponseFile Library/Bee/artifacts/rsp/3235652046917468256.rsp
[ 777/1565  0s] WriteResponseFile Library/Bee/artifacts/rsp/16105365442891625930.rsp
[ 778/1565  0s] WriteResponseFile Library/Bee/artifacts/rsp/16270248767997581834.rsp
[ 779/1565  0s] WriteResponseFile Library/Bee/artifacts/rsp/17184976507885984284.rsp
[ 780/1565  0s] WriteResponseFile Library/Bee/artifacts/rsp/18335829681449324987.rsp
[ 781/1565  0s] WriteResponseFile Library/Bee/artifacts/rsp/1188188249925086948.rsp
[ 782/1565  0s] WriteResponseFile Library/Bee/artifacts/rsp/8789678140127604791.rsp
[ 783/1565  0s] WriteResponseFile Library/Bee/artifacts/rsp/7987331186294556706.rsp
[ 784/1565  0s] WriteResponseFile Library/Bee/artifacts/rsp/1241983690948158776.rsp
[ 785/1565  0s] WriteResponseFile Library/Bee/artifacts/rsp/17203435859446856792.rsp
[ 786/1565  0s] WriteResponseFile Library/Bee/artifacts/rsp/2936212798879982269.rsp
[ 787/1565  0s] WriteResponseFile Library/Bee/artifacts/rsp/17671063171638670307.rsp
[ 788/1565  0s] WriteResponseFile Library/Bee/artifacts/rsp/3374228670950888938.rsp
[ 789/1565  0s] WriteResponseFile Library/Bee/artifacts/rsp/9569142104674744329.rsp
[ 790/1565  0s] WriteResponseFile Library/Bee/artifacts/rsp/9483392901509707945.rsp
[ 791/1565  0s] WriteResponseFile Library/Bee/artifacts/rsp/13876257713880959502.rsp
[ 792/1565  0s] WriteResponseFile Library/Bee/artifacts/rsp/7611903119678565411.rsp
[ 793/1565  0s] WriteResponseFile Library/Bee/artifacts/rsp/10514843007091821179.rsp
[ 794/1565  0s] WriteResponseFile Library/Bee/artifacts/rsp/17570921832983363726.rsp
[ 795/1565  0s] WriteResponseFile Library/Bee/artifacts/rsp/13896911018923629923.rsp
[ 796/1565  0s] WriteResponseFile Library/Bee/artifacts/rsp/9998886189117397936.rsp
[ 797/1565  0s] WriteResponseFile Library/Bee/artifacts/rsp/7306087262382725110.rsp
[ 798/1565  0s] WriteResponseFile Library/Bee/artifacts/rsp/1584546782955059400.rsp
[ 799/1565  0s] WriteResponseFile Library/Bee/artifacts/rsp/3020430480085779083.rsp
[ 800/1565  0s] WriteResponseFile Library/Bee/artifacts/rsp/3682913034731667184.rsp
[ 801/1565  0s] WriteResponseFile Library/Bee/artifacts/rsp/17937290823646353440.rsp
[ 802/1565  0s] WriteResponseFile Library/Bee/artifacts/rsp/17062328426463740352.rsp
[ 803/1565  0s] WriteResponseFile Library/Bee/artifacts/rsp/15688719832217992005.rsp
[ 804/1565  0s] WriteResponseFile Library/Bee/artifacts/rsp/9212459627061007907.rsp
[ 805/1565  0s] WriteResponseFile Library/Bee/artifacts/rsp/4523060868004104503.rsp
[ 806/1565  0s] WriteResponseFile Library/Bee/artifacts/rsp/7402756250175941108.rsp
[ 807/1565  0s] WriteResponseFile Library/Bee/artifacts/rsp/16265287504930863482.rsp
[ 808/1565  0s] WriteResponseFile Library/Bee/artifacts/rsp/5442273202131319612.rsp
[ 809/1565  0s] WriteResponseFile Library/Bee/artifacts/rsp/9935807585108435671.rsp
[ 810/1565  0s] WriteResponseFile Library/Bee/artifacts/rsp/15412915583102750522.rsp
[ 811/1565  0s] WriteResponseFile Library/Bee/artifacts/rsp/14540844418576930643.rsp
[ 812/1565  0s] WriteResponseFile Library/Bee/artifacts/rsp/3525977299383787660.rsp
[ 813/1565  0s] WriteResponseFile Library/Bee/artifacts/rsp/5007845101165541991.rsp
[ 814/1565  0s] WriteResponseFile Library/Bee/artifacts/rsp/13637130960670326671.rsp
[ 815/1565  0s] WriteResponseFile Library/Bee/artifacts/rsp/15184209867333330158.rsp
[ 816/1565  0s] WriteResponseFile Library/Bee/artifacts/rsp/1744295493734331085.rsp
[ 817/1565  1s] Csc Library/Bee/artifacts/1300b0aE.dag/UnityEngine.UI.dll (+2 others)
[           0s] Csc Library/Bee/artifacts/1300b0aE.dag/UnityEngine.UI.dll (+2 others) [CacheWrite 79e3ce13783b455d81d6f8e1d876e31000000000000000000000000000000006]
[           0s] Csc Library/Bee/artifacts/1300b0aE.dag/UnityEditor.UI.dll (+2 others) [CacheMiss efc2e42cc99dc555fb1bf43dda4129db00000000000000000000000000000006]
[ 820/1565  0s] Csc Library/Bee/artifacts/1300b0aE.dag/UnityEditor.UI.dll (+2 others)
[           0s] Csc Library/Bee/artifacts/1300b0aE.dag/UnityEditor.UI.dll (+2 others) [CacheWrite efc2e42cc99dc555fb1bf43dda4129db00000000000000000000000000000006]
[           0s] Csc Library/Bee/artifacts/1300b0aE.dag/Unity.Mathematics.dll (+2 others) [CacheMiss 49ae3d96f0350361aa32025ff5abfbb100000000000000000000000000000006]
[           0s] Csc Library/Bee/artifacts/1300b0aE.dag/Unity.InternalAPIEngineBridge.RenderPipelines.Core.Runtime.Shared.dll (+2 others) [CacheMiss 522ec37daa88f30c43ff269482c9243d00000000000000000000000000000006]
[           0s] Csc Library/Bee/artifacts/1300b0aE.dag/Unity.InternalAPIEngineBridge.ObjectDispatcher.Runtime.dll (+2 others) [CacheMiss da5def6ef60b395eff82cfe06905051100000000000000000000000000000006]
[           0s] Csc Library/Bee/artifacts/1300b0aE.dag/Unity.InternalAPIEngineBridge.RenderPipelines.Core.Editor.dll (+2 others) [CacheMiss f9d77ea65cf284b9144cf24dfa0e683300000000000000000000000000000006]
[           0s] Csc Library/Bee/artifacts/1300b0aE.dag/Unity.XR.CoreUtils.dll (+2 others) [CacheMiss 92dfe271d7d8a13b53ac12245ffb0cb500000000000000000000000000000006]
[           0s] Csc Library/Bee/artifacts/1300b0aE.dag/Unity.Profiling.Core.dll (+2 others) [CacheMiss 9969b9836f20375c752683eeb90460a500000000000000000000000000000006]
[           0s] Csc Library/Bee/artifacts/1300b0aE.dag/Unity.XR.Management.dll (+2 others) [CacheMiss 3a179bdb9c5c8fef77f491e27220d1d900000000000000000000000000000006]
[           0s] Csc Library/Bee/artifacts/1300b0aE.dag/Unity.InternalAPIEngineBridge.004.dll (+2 others) [CacheMiss 0d7210601b72e0ca5a5f52d4fd02780000000000000000000000000000000006]
[           0s] Csc Library/Bee/artifacts/1300b0aE.dag/Unity.InternalAPIEditorBridge.ShaderGraph.Editor.dll (+2 others) [CacheMiss d3c3f70a6dd2fad50409d5081b57b96100000000000000000000000000000006]
[           0s] Csc Library/Bee/artifacts/1300b0aE.dag/Unity.Burst.dll (+2 others) [CacheMiss a54b41144d28abcad26ade3eb849012c00000000000000000000000000000006]
[           0s] Csc Library/Bee/artifacts/1300b0aE.dag/Unity.GraphAuthoring.Editor.dll (+2 others) [CacheMiss e947b709f3f5cbbf837b39a6433a72cd00000000000000000000000000000006]
[           0s] Csc Library/Bee/artifacts/1300b0aE.dag/Unity.VisualScripting.Core.dll (+2 others) [CacheMiss 7b9ccb7c5b34f5e66ffa7fb30309404d00000000000000000000000000000006]
[ 844/1565  0s] Csc Library/Bee/artifacts/1300b0aE.dag/Unity.InternalAPIEngineBridge.RenderPipelines.Core.Runtime.Shared.dll (+2 others)
[ 845/1565  0s] Csc Library/Bee/artifacts/1300b0aE.dag/Unity.InternalAPIEngineBridge.ObjectDispatcher.Runtime.dll (+2 others)
[ 846/1565  0s] Csc Library/Bee/artifacts/1300b0aE.dag/Unity.InternalAPIEngineBridge.004.dll (+2 others)
[ 847/1565  0s] Csc Library/Bee/artifacts/1300b0aE.dag/Unity.InternalAPIEditorBridge.ShaderGraph.Editor.dll (+2 others)
[ 848/1565  0s] Csc Library/Bee/artifacts/1300b0aE.dag/Unity.Burst.dll (+2 others)
[           0s] Csc Library/Bee/artifacts/1300b0aE.dag/Unity.InternalAPIEngineBridge.RenderPipelines.Core.Runtime.Shared.dll (+2 others) [CacheWrite 522ec37daa88f30c43ff269482c9243d00000000000000000000000000000006]
[           0s] Csc Library/Bee/artifacts/1300b0aE.dag/Unity.InternalAPIEngineBridge.ObjectDispatcher.Runtime.dll (+2 others) [CacheWrite da5def6ef60b395eff82cfe06905051100000000000000000000000000000006]
[ 849/1565  0s] Csc Library/Bee/artifacts/1300b0aE.dag/Unity.InternalAPIEngineBridge.RenderPipelines.Core.Editor.dll (+2 others)
[ 850/1565  0s] Csc Library/Bee/artifacts/1300b0aE.dag/Unity.Mathematics.dll (+2 others)
[           0s] Csc Library/Bee/artifacts/1300b0aE.dag/Unity.InternalAPIEditorBridge.ShaderGraph.Editor.dll (+2 others) [CacheWrite d3c3f70a6dd2fad50409d5081b57b96100000000000000000000000000000006]
[           0s] Csc Library/Bee/artifacts/1300b0aE.dag/Unity.InternalAPIEngineBridge.004.dll (+2 others) [CacheWrite 0d7210601b72e0ca5a5f52d4fd02780000000000000000000000000000000006]
[           0s] Csc Library/Bee/artifacts/1300b0aE.dag/Unity.Burst.dll (+2 others) [CacheWrite a54b41144d28abcad26ade3eb849012c00000000000000000000000000000006]
[           0s] Csc Library/Bee/artifacts/1300b0aE.dag/Unity.Mathematics.dll (+2 others) [CacheWrite 49ae3d96f0350361aa32025ff5abfbb100000000000000000000000000000006]
[           0s] Csc Library/Bee/artifacts/1300b0aE.dag/Unity.InternalAPIEngineBridge.RenderPipelines.Core.Editor.dll (+2 others) [CacheWrite f9d77ea65cf284b9144cf24dfa0e683300000000000000000000000000000006]
[           0s] Csc Library/Bee/artifacts/1300b0aE.dag/Unity.ShaderGraph.Utilities.dll (+2 others) [CacheMiss 92c1136b3b945a6c5e70edf5ea86bf9000000000000000000000000000000006]
[           0s] Csc Library/Bee/artifacts/1300b0aE.dag/Unity.AI.Navigation.Editor.ConversionSystem.dll (+2 others) [CacheMiss faf5e698cc8129c882bcdd2579f074f100000000000000000000000000000006]
[           0s] Csc Library/Bee/artifacts/1300b0aE.dag/Unity.AI.Navigation.dll (+2 others) [CacheMiss f5841c639bb63e2915f8259643d0378900000000000000000000000000000006]
[           0s] Csc Library/Bee/artifacts/1300b0aE.dag/Unity.TextMeshPro.dll (+2 others) [CacheMiss a4da081625c251a680ccb51198aff05300000000000000000000000000000006]
[           0s] Csc Library/Bee/artifacts/1300b0aE.dag/Unity.PlasticSCM.Editor.dll (+2 others) [CacheMiss 9a8ed57abd6f24b99a7b594b3fce88dd00000000000000000000000000000006]
[           0s] Csc Library/Bee/artifacts/1300b0aE.dag/Unity.Collections.dll (+2 others) [CacheMiss 94cb2a4d53bcc4fe0c2c07c6137ef93300000000000000000000000000000006]
[           0s] Csc Library/Bee/artifacts/1300b0aE.dag/Unity.Timeline.dll (+2 others) [CacheMiss 8e89fb6d2e9f83e5f4bb12a4f972706600000000000000000000000000000006]
[ 871/1565  0s] Csc Library/Bee/artifacts/1300b0aE.dag/Unity.XR.Management.dll (+2 others)
[ 872/1565  0s] Csc Library/Bee/artifacts/1300b0aE.dag/Unity.Profiling.Core.dll (+2 others)
[           0s] Csc Library/Bee/artifacts/1300b0aE.dag/Unity.XR.Management.dll (+2 others) [CacheWrite 3a179bdb9c5c8fef77f491e27220d1d900000000000000000000000000000006]
[           0s] Csc Library/Bee/artifacts/1300b0aE.dag/Unity.Profiling.Core.dll (+2 others) [CacheWrite 9969b9836f20375c752683eeb90460a500000000000000000000000000000006]
[           0s] Csc Library/Bee/artifacts/1300b0aE.dag/Unity.EditorCoroutines.Editor.dll (+2 others) [CacheMiss 19fd06c733c527cedd9cb92ec50bcfba00000000000000000000000000000006]
[           0s] Csc Library/Bee/artifacts/1300b0aE.dag/Unity.RenderPipelines.ShaderGraph.ShaderGraphLibrary.dll (+2 others) [CacheMiss fccfd8f10e40e2623c7d76d3a959ecd300000000000000000000000000000006]
[ 885/1565  0s] Csc Library/Bee/artifacts/1300b0aE.dag/Unity.ShaderGraph.Utilities.dll (+2 others)
[ 886/1565  0s] Csc Library/Bee/artifacts/1300b0aE.dag/Unity.XR.CoreUtils.dll (+2 others)
[           0s] Csc Library/Bee/artifacts/1300b0aE.dag/Unity.ShaderGraph.Utilities.dll (+2 others) [CacheWrite 92c1136b3b945a6c5e70edf5ea86bf9000000000000000000000000000000006]
[           0s] Csc Library/Bee/artifacts/1300b0aE.dag/Unity.XR.CoreUtils.dll (+2 others) [CacheWrite 92dfe271d7d8a13b53ac12245ffb0cb500000000000000000000000000000006]
[ 887/1565  0s] Csc Library/Bee/artifacts/1300b0aE.dag/Unity.GraphAuthoring.Editor.dll (+2 others)
[           0s] Csc Library/Bee/artifacts/1300b0aE.dag/Unity.RenderPipelines.Core.ShaderLibrary.dll (+2 others) [CacheMiss 6143f5a87d98c301cb3d9693816223bd00000000000000000000000000000006]
[           0s] Csc Library/Bee/artifacts/1300b0aE.dag/Unity.GraphAuthoring.Editor.dll (+2 others) [CacheWrite e947b709f3f5cbbf837b39a6433a72cd00000000000000000000000000000006]
[           0s] Csc Library/Bee/artifacts/1300b0aE.dag/Unity.XR.CoreUtils.Editor.dll (+2 others) [CacheMiss 3839518ee3e799868e7439d914204ece00000000000000000000000000000006]
[           0s] Csc Library/Bee/artifacts/1300b0aE.dag/Unity.RenderPipelines.Universal.Shaders.dll (+2 others) [CacheMiss 93180a9d92faa893d22b8bead1204b1e00000000000000000000000000000006]
[ 892/1565  0s] Csc Library/Bee/artifacts/1300b0aE.dag/Unity.AI.Navigation.Editor.ConversionSystem.dll (+2 others)
[           0s] Csc Library/Bee/artifacts/1300b0aE.dag/Unity.AI.Navigation.Editor.ConversionSystem.dll (+2 others) [CacheWrite faf5e698cc8129c882bcdd2579f074f100000000000000000000000000000006]
[           0s] Csc Library/Bee/artifacts/1300b0aE.dag/Unity.Rendering.LightTransport.Editor.dll (+2 others) [CacheMiss a41891e7ebcb27109724c4e715645fcb00000000000000000000000000000006]
[ 894/1565  0s] Csc Library/Bee/artifacts/1300b0aE.dag/Unity.RenderPipelines.ShaderGraph.ShaderGraphLibrary.dll (+2 others)
[ 895/1565  0s] Csc Library/Bee/artifacts/1300b0aE.dag/Unity.AI.Navigation.dll (+2 others)
[           0s] Csc Library/Bee/artifacts/1300b0aE.dag/Unity.RenderPipelines.ShaderGraph.ShaderGraphLibrary.dll (+2 others) [CacheWrite fccfd8f10e40e2623c7d76d3a959ecd300000000000000000000000000000006]
[ 916/1565  0s] Csc Library/Bee/artifacts/1300b0aE.dag/Unity.EditorCoroutines.Editor.dll (+2 others)
[           0s] Csc Library/Bee/artifacts/1300b0aE.dag/Unity.AI.Navigation.dll (+2 others) [CacheWrite f5841c639bb63e2915f8259643d0378900000000000000000000000000000006]
[ 917/1565  0s] Csc Library/Bee/artifacts/1300b0aE.dag/Unity.RenderPipelines.Universal.Shaders.dll (+2 others)
[           0s] Csc Library/Bee/artifacts/1300b0aE.dag/Unity.EditorCoroutines.Editor.dll (+2 others) [CacheWrite 19fd06c733c527cedd9cb92ec50bcfba00000000000000000000000000000006]
[ 921/1565  0s] Csc Library/Bee/artifacts/1300b0aE.dag/Unity.RenderPipelines.Core.ShaderLibrary.dll (+2 others)
[           0s] Csc Library/Bee/artifacts/1300b0aE.dag/Unity.AI.Navigation.Editor.dll (+2 others) [CacheMiss de705e0dbca15e8f17975867c9336d2c00000000000000000000000000000006]
[           0s] Csc Library/Bee/artifacts/1300b0aE.dag/Unity.RenderPipelines.Universal.Shaders.dll (+2 others) [CacheWrite 93180a9d92faa893d22b8bead1204b1e00000000000000000000000000000006]
[           0s] Csc Library/Bee/artifacts/1300b0aE.dag/Unity.RenderPipelines.Core.ShaderLibrary.dll (+2 others) [CacheWrite 6143f5a87d98c301cb3d9693816223bd00000000000000000000000000000006]
[ 924/1565  0s] Csc Library/Bee/artifacts/1300b0aE.dag/Unity.Rendering.LightTransport.Editor.dll (+2 others)
[           0s] Csc Library/Bee/artifacts/1300b0aE.dag/Unity.Rendering.LightTransport.Editor.dll (+2 others) [CacheWrite a41891e7ebcb27109724c4e715645fcb00000000000000000000000000000006]
[ 926/1565  0s] Csc Library/Bee/artifacts/1300b0aE.dag/Unity.XR.CoreUtils.Editor.dll (+2 others)
[ 927/1565  1s] Csc Library/Bee/artifacts/1300b0aE.dag/Unity.Timeline.dll (+2 others)
[           0s] Csc Library/Bee/artifacts/1300b0aE.dag/Unity.XR.CoreUtils.Editor.dll (+2 others) [CacheWrite 3839518ee3e799868e7439d914204ece00000000000000000000000000000006]
[           0s] Csc Library/Bee/artifacts/1300b0aE.dag/Unity.Timeline.dll (+2 others) [CacheWrite 8e89fb6d2e9f83e5f4bb12a4f972706600000000000000000000000000000006]
[           0s] Csc Library/Bee/artifacts/1300b0aE.dag/Unity.XR.ARAnalytics.Editor.dll (+2 others) [CacheMiss b0fb262fc8d030a30b1e145ef2e93eb700000000000000000000000000000006]
[           0s] Csc Library/Bee/artifacts/1300b0aE.dag/Unity.XR.Interaction.Toolkit.Analytics.Editor.dll (+2 others) [CacheMiss 0ec65603fa3e3482383c9a95153c21fe00000000000000000000000000000006]
[           0s] Csc Library/Bee/artifacts/1300b0aE.dag/Unity.XR.Management.Editor.dll (+2 others) [CacheMiss 53547ad4598b37aa7353faabc17a287c00000000000000000000000000000006]
[           0s] Csc Library/Bee/artifacts/1300b0aE.dag/Unity.Timeline.Editor.dll (+2 others) [CacheMiss b55a6c043a0ed4f5ead734bb8f7bee1100000000000000000000000000000006]
[ 934/1565  0s] Csc Library/Bee/artifacts/1300b0aE.dag/Unity.AI.Navigation.Editor.dll (+2 others)
[ 935/1565  0s] Csc Library/Bee/artifacts/1300b0aE.dag/Unity.XR.ARAnalytics.Editor.dll (+2 others)
[           0s] Csc Library/Bee/artifacts/1300b0aE.dag/Unity.AI.Navigation.Editor.dll (+2 others) [CacheWrite de705e0dbca15e8f17975867c9336d2c00000000000000000000000000000006]
[           0s] Csc Library/Bee/artifacts/1300b0aE.dag/Unity.XR.ARAnalytics.Editor.dll (+2 others) [CacheWrite b0fb262fc8d030a30b1e145ef2e93eb700000000000000000000000000000006]
[           0s] Csc Library/Bee/artifacts/1300b0aE.dag/Unity.AI.Navigation.Updater.dll (+2 others) [CacheMiss d4675f65af87c2e0f32992e748c54bad00000000000000000000000000000006]
[ 939/1565  0s] Csc Library/Bee/artifacts/1300b0aE.dag/Unity.XR.Interaction.Toolkit.Analytics.Editor.dll (+2 others)
[           0s] Csc Library/Bee/artifacts/1300b0aE.dag/Unity.XR.Interaction.Toolkit.Analytics.Editor.dll (+2 others) [CacheWrite 0ec65603fa3e3482383c9a95153c21fe00000000000000000000000000000006]
[ 941/1565  0s] Csc Library/Bee/artifacts/1300b0aE.dag/Unity.AI.Navigation.Updater.dll (+2 others)
[ 942/1565  1s] Csc Library/Bee/artifacts/1300b0aE.dag/Unity.XR.Management.Editor.dll (+2 others)
[           0s] Csc Library/Bee/artifacts/1300b0aE.dag/Unity.AI.Navigation.Updater.dll (+2 others) [CacheWrite d4675f65af87c2e0f32992e748c54bad00000000000000000000000000000006]
[           0s] Csc Library/Bee/artifacts/1300b0aE.dag/Unity.XR.Management.Editor.dll (+2 others) [CacheWrite 53547ad4598b37aa7353faabc17a287c00000000000000000000000000000006]
[ 945/1565  2s] Csc Library/Bee/artifacts/1300b0aE.dag/Unity.TextMeshPro.dll (+2 others)
[ 946/1565  3s] Csc Library/Bee/artifacts/1300b0aE.dag/Unity.VisualScripting.Core.dll (+2 others)
[           0s] Csc Library/Bee/artifacts/1300b0aE.dag/Unity.TextMeshPro.dll (+2 others) [CacheWrite a4da081625c251a680ccb51198aff05300000000000000000000000000000006]
[           0s] Csc Library/Bee/artifacts/1300b0aE.dag/Unity.VisualScripting.Core.dll (+2 others) [CacheWrite 7b9ccb7c5b34f5e66ffa7fb30309404d00000000000000000000000000000006]
[           0s] Csc Library/Bee/artifacts/1300b0aE.dag/UnityEditor.UI.Analytics.dll (+2 others) [CacheMiss a1e5f790a063515274bfeb5b853efe2000000000000000000000000000000006]
[           0s] Csc Library/Bee/artifacts/1300b0aE.dag/Unity.VisualScripting.Flow.dll (+2 others) [CacheMiss e7af4950427890498eb3b6808471487900000000000000000000000000000006]
[           0s] Csc Library/Bee/artifacts/1300b0aE.dag/Unity.VisualScripting.Core.Editor.dll (+2 others) [CacheMiss a21c22f1009847dfdc40997ea296abb400000000000000000000000000000006]
[ 952/1565  0s] Csc Library/Bee/artifacts/1300b0aE.dag/UnityEditor.UI.Analytics.dll (+2 others)
[           0s] Csc Library/Bee/artifacts/1300b0aE.dag/UnityEditor.UI.Analytics.dll (+2 others) [CacheWrite a1e5f790a063515274bfeb5b853efe2000000000000000000000000000000006]
[ 954/1565  4s] Csc Library/Bee/artifacts/1300b0aE.dag/Unity.Collections.dll (+2 others)
[ 955/1565  3s] Csc Library/Bee/artifacts/1300b0aE.dag/Unity.Timeline.Editor.dll (+2 others)
[           0s] Csc Library/Bee/artifacts/1300b0aE.dag/Unity.Collections.dll (+2 others) [CacheWrite 94cb2a4d53bcc4fe0c2c07c6137ef93300000000000000000000000000000006]
[           0s] Csc Library/Bee/artifacts/1300b0aE.dag/Unity.Collections.Tests.CoreCLR.InternalJobNestedPrivate.dll (+2 others) [CacheMiss 100f0bb7b6f8cfebb0993524fed732e600000000000000000000000000000006]
[           0s] Csc Library/Bee/artifacts/1300b0aE.dag/Unity.Timeline.Editor.dll (+2 others) [CacheWrite b55a6c043a0ed4f5ead734bb8f7bee1100000000000000000000000000000006]
[           0s] Csc Library/Bee/artifacts/1300b0aE.dag/Unity.UnifiedRayTracing.Runtime.dll (+2 others) [CacheMiss 36708c437e326eb289267374819c07b900000000000000000000000000000006]
[           0s] Csc Library/Bee/artifacts/1300b0aE.dag/Unity.Collections.Tests.CoreCLR.ProtectedJobNested.dll (+2 others) [CacheMiss 63d91297e8fda735e3a34fa63cd2402600000000000000000000000000000006]
[           0s] Csc Library/Bee/artifacts/1300b0aE.dag/Unity.Collections.Editor.dll (+2 others) [CacheMiss 14d0e5c46a1d2c62653a781ce714194200000000000000000000000000000006]
[           0s] Csc Library/Bee/artifacts/1300b0aE.dag/Unity.Collections.Tests.CoreCLR.PublicJobPrivateGeneric.dll (+2 others) [CacheMiss cf38a3007106116db2a5fd557405f18e00000000000000000000000000000006]
[           0s] Csc Library/Bee/artifacts/1300b0aE.dag/Unity.Collections.CodeGen.dll (+2 others) [CacheMiss 1bcd89c112a10358e2894af73f9b34d800000000000000000000000000000006]
[           0s] Csc Library/Bee/artifacts/1300b0aE.dag/Unity.RenderPipelines.Core.Runtime.dll (+2 others) [CacheMiss b15a260629a544f18abf09d998d38d1e00000000000000000000000000000006]
[           0s] Csc Library/Bee/artifacts/1300b0aE.dag/Unity.Collections.Tests.CoreCLR.PrivateJobNested.dll (+2 others) [CacheMiss 4202aa79867419df7d83f7ecb4f7bf1500000000000000000000000000000006]
[ 966/1565  0s] Csc Library/Bee/artifacts/1300b0aE.dag/Unity.Collections.Tests.CoreCLR.InternalJobNestedPrivate.dll (+2 others)
[           0s] Csc Library/Bee/artifacts/1300b0aE.dag/Unity.Collections.Tests.CoreCLR.InternalJobNestedPrivate.dll (+2 others) [CacheWrite 100f0bb7b6f8cfebb0993524fed732e600000000000000000000000000000006]
[ 968/1565  1s] Csc Library/Bee/artifacts/1300b0aE.dag/Unity.Collections.Tests.CoreCLR.ProtectedJobNested.dll (+2 others)
[ 969/1565  1s] Csc Library/Bee/artifacts/1300b0aE.dag/Unity.Collections.Tests.CoreCLR.PublicJobPrivateGeneric.dll (+2 others)
[ 970/1565  1s] Csc Library/Bee/artifacts/1300b0aE.dag/Unity.Collections.Editor.dll (+2 others)
[ 971/1565  1s] Csc Library/Bee/artifacts/1300b0aE.dag/Unity.Collections.CodeGen.dll (+2 others)
[ 972/1565  1s] Csc Library/Bee/artifacts/1300b0aE.dag/Unity.Collections.Tests.CoreCLR.PrivateJobNested.dll (+2 others)
[           0s] Csc Library/Bee/artifacts/1300b0aE.dag/Unity.Collections.Tests.CoreCLR.ProtectedJobNested.dll (+2 others) [CacheWrite 63d91297e8fda735e3a34fa63cd2402600000000000000000000000000000006]
[           0s] Csc Library/Bee/artifacts/1300b0aE.dag/Unity.Collections.Editor.dll (+2 others) [CacheWrite 14d0e5c46a1d2c62653a781ce714194200000000000000000000000000000006]
[           0s] Csc Library/Bee/artifacts/1300b0aE.dag/Unity.Collections.CodeGen.dll (+2 others) [CacheWrite 1bcd89c112a10358e2894af73f9b34d800000000000000000000000000000006]
[ 975/1565  0s] CopyFiles Library/ScriptAssemblies/Unity.Collections.CodeGen.pdb
[ 976/1565  0s] CopyFiles Library/ScriptAssemblies/Unity.Collections.CodeGen.dll
[           0s] Csc Library/Bee/artifacts/1300b0aE.dag/Unity.Collections.Tests.CoreCLR.PublicJobPrivateGeneric.dll (+2 others) [CacheWrite cf38a3007106116db2a5fd557405f18e00000000000000000000000000000006]
[ 978/1565  3s] Csc Library/Bee/artifacts/1300b0aE.dag/Unity.VisualScripting.Flow.dll (+2 others)
[           0s] Csc Library/Bee/artifacts/1300b0aE.dag/Unity.VisualScripting.Flow.dll (+2 others) [CacheWrite e7af4950427890498eb3b6808471487900000000000000000000000000000006]
[           0s] Csc Library/Bee/artifacts/1300b0aE.dag/Unity.Collections.Tests.CoreCLR.PrivateJobNested.dll (+2 others) [CacheWrite 4202aa79867419df7d83f7ecb4f7bf1500000000000000000000000000000006]
[           0s] Csc Library/Bee/artifacts/1300b0aE.dag/Unity.VisualScripting.State.dll (+2 others) [CacheMiss 07a13ad33eac571d59d2213d51aa484900000000000000000000000000000006]
[           0s] Csc Library/Bee/artifacts/1300b0aE.dag/Unity.VisualScripting.DocCodeExamples.dll (+2 others) [CacheMiss bdcc0167c137fa2aedc728c5dd56c25400000000000000000000000000000006]
[ 983/1565  1s] Csc Library/Bee/artifacts/1300b0aE.dag/Unity.UnifiedRayTracing.Runtime.dll (+2 others)
[ 984/1565  0s] ILPP-Configuration Library/ilpp-configuration.nevergeneratedoutput
[           0s] Csc Library/Bee/artifacts/1300b0aE.dag/Unity.UnifiedRayTracing.Runtime.dll (+2 others) [CacheWrite 36708c437e326eb289267374819c07b900000000000000000000000000000006]
[ 986/1565  0s] Csc Library/Bee/artifacts/1300b0aE.dag/Unity.VisualScripting.DocCodeExamples.dll (+2 others)
[           0s] Csc Library/Bee/artifacts/1300b0aE.dag/Unity.VisualScripting.DocCodeExamples.dll (+2 others) [CacheWrite bdcc0167c137fa2aedc728c5dd56c25400000000000000000000000000000006]
[ 987/1565  0s] Csc Library/Bee/artifacts/1300b0aE.dag/Unity.VisualScripting.State.dll (+2 others)
[           0s] Csc Library/Bee/artifacts/1300b0aE.dag/Unity.VisualScripting.State.dll (+2 others) [CacheWrite 07a13ad33eac571d59d2213d51aa484900000000000000000000000000000006]
[ 988/1565  0s] ILPostProcess Library/Bee/artifacts/1300b0aE.dag/post-processed/Unity.XR.Management.dll (+pdb)
Processing assembly Library/Bee/artifacts/1300b0aE.dag/Unity.XR.Management.dll, with 161 defines and 305 references

processors: Unity.Jobs.CodeGen.JobsILPostProcessor, zzzUnity.Burst.CodeGen.BurstILPostProcessor

1 processor(s) skipped this assembly

running Unity.Jobs.CodeGen.JobsILPostProcessor
[ 989/1565  0s] ILPostProcess Library/Bee/artifacts/1300b0aE.dag/post-processed/Unity.RenderPipelines.Core.ShaderLibrary.dll (+pdb)
Processing assembly Library/Bee/artifacts/1300b0aE.dag/Unity.RenderPipelines.Core.ShaderLibrary.dll, with 160 defines and 305 references

processors: Unity.Jobs.CodeGen.JobsILPostProcessor, zzzUnity.Burst.CodeGen.BurstILPostProcessor

1 processor(s) skipped this assembly

running Unity.Jobs.CodeGen.JobsILPostProcessor
[ 991/1565  0s] ILPostProcess Library/Bee/artifacts/1300b0aE.dag/post-processed/Unity.XR.CoreUtils.dll (+pdb)
Processing assembly Library/Bee/artifacts/1300b0aE.dag/Unity.XR.CoreUtils.dll, with 166 defines and 307 references

processors: Unity.Jobs.CodeGen.JobsILPostProcessor, zzzUnity.Burst.CodeGen.BurstILPostProcessor

1 processor(s) skipped this assembly

running Unity.Jobs.CodeGen.JobsILPostProcessor
[ 992/1565  0s] ILPostProcess Library/Bee/artifacts/1300b0aE.dag/post-processed/Unity.VisualScripting.DocCodeExamples.dll (+pdb)
Processing assembly Library/Bee/artifacts/1300b0aE.dag/Unity.VisualScripting.DocCodeExamples.dll, with 160 defines and 293 references

processors: Unity.Jobs.CodeGen.JobsILPostProcessor, zzzUnity.Burst.CodeGen.BurstILPostProcessor

1 processor(s) skipped this assembly

running Unity.Jobs.CodeGen.JobsILPostProcessor
[ 993/1565  0s] ILPostProcess Library/Bee/artifacts/1300b0aE.dag/post-processed/Unity.VisualScripting.State.dll (+pdb)
Processing assembly Library/Bee/artifacts/1300b0aE.dag/Unity.VisualScripting.State.dll, with 160 defines and 307 references

processors: Unity.Jobs.CodeGen.JobsILPostProcessor, zzzUnity.Burst.CodeGen.BurstILPostProcessor

1 processor(s) skipped this assembly

running Unity.Jobs.CodeGen.JobsILPostProcessor
[ 994/1565  0s] ILPostProcess Library/Bee/artifacts/1300b0aE.dag/post-processed/Unity.Collections.Tests.CoreCLR.PublicJobPrivateGeneric.dll (+pdb)
Processing assembly Library/Bee/artifacts/1300b0aE.dag/Unity.Collections.Tests.CoreCLR.PublicJobPrivateGeneric.dll, with 160 defines and 306 references

processors: Unity.Jobs.CodeGen.JobsILPostProcessor, zzzUnity.Burst.CodeGen.BurstILPostProcessor

1 processor(s) skipped this assembly

running Unity.Jobs.CodeGen.JobsILPostProcessor
[ 995/1565  0s] ILPostProcess Library/Bee/artifacts/1300b0aE.dag/post-processed/Unity.Collections.Tests.CoreCLR.PrivateJobNested.dll (+pdb)
Processing assembly Library/Bee/artifacts/1300b0aE.dag/Unity.Collections.Tests.CoreCLR.PrivateJobNested.dll, with 160 defines and 306 references

processors: Unity.Jobs.CodeGen.JobsILPostProcessor, zzzUnity.Burst.CodeGen.BurstILPostProcessor

1 processor(s) skipped this assembly

running Unity.Jobs.CodeGen.JobsILPostProcessor
[ 996/1565  0s] ILPostProcess Library/Bee/artifacts/1300b0aE.dag/post-processed/Unity.UnifiedRayTracing.Runtime.dll (+pdb)
Processing assembly Library/Bee/artifacts/1300b0aE.dag/Unity.UnifiedRayTracing.Runtime.dll, with 162 defines and 308 references

processors: Unity.Jobs.CodeGen.JobsILPostProcessor, zzzUnity.Burst.CodeGen.BurstILPostProcessor

running Unity.Jobs.CodeGen.JobsILPostProcessor

running zzzUnity.Burst.CodeGen.BurstILPostProcessor
[ 997/1565  0s] ILPostProcess Library/Bee/artifacts/1300b0aE.dag/post-processed/Unity.PerformanceTesting.dll (+pdb)
Processing assembly Library/Bee/artifacts/1300b0aE.dag/Unity.PerformanceTesting.dll, with 161 defines and 289 references

processors: Unity.Jobs.CodeGen.JobsILPostProcessor, zzzUnity.Burst.CodeGen.BurstILPostProcessor

1 processor(s) skipped this assembly

running Unity.Jobs.CodeGen.JobsILPostProcessor
[ 998/1565  0s] ILPostProcess Library/Bee/artifacts/1300b0aE.dag/post-processed/Unity.Profiling.Core.dll (+pdb)
Processing assembly Library/Bee/artifacts/1300b0aE.dag/Unity.Profiling.Core.dll, with 160 defines and 305 references

processors: Unity.Jobs.CodeGen.JobsILPostProcessor, zzzUnity.Burst.CodeGen.BurstILPostProcessor

1 processor(s) skipped this assembly

running Unity.Jobs.CodeGen.JobsILPostProcessor
[ 999/1565  0s] ILPostProcess Library/Bee/artifacts/1300b0aE.dag/post-processed/Unity.Collections.Tests.CoreCLR.InternalJobNestedPrivate.dll (+pdb)
Processing assembly Library/Bee/artifacts/1300b0aE.dag/Unity.Collections.Tests.CoreCLR.InternalJobNestedPrivate.dll, with 160 defines and 306 references

processors: Unity.Jobs.CodeGen.JobsILPostProcessor, zzzUnity.Burst.CodeGen.BurstILPostProcessor

1 processor(s) skipped this assembly

running Unity.Jobs.CodeGen.JobsILPostProcessor
[1000/1565  0s] ILPostProcess Library/Bee/artifacts/1300b0aE.dag/post-processed/Unity.InternalAPIEngineBridge.004.dll (+pdb)
Processing assembly Library/Bee/artifacts/1300b0aE.dag/Unity.InternalAPIEngineBridge.004.dll, with 160 defines and 305 references

processors: Unity.Jobs.CodeGen.JobsILPostProcessor, zzzUnity.Burst.CodeGen.BurstILPostProcessor

1 processor(s) skipped this assembly

running Unity.Jobs.CodeGen.JobsILPostProcessor
[1001/1565  4s] Csc Library/Bee/artifacts/1300b0aE.dag/Unity.VisualScripting.Core.Editor.dll (+2 others)
[1002/1565  0s] ILPostProcess Library/Bee/artifacts/1300b0aE.dag/post-processed/UnityEngine.UI.dll (+pdb)
Processing assembly Library/Bee/artifacts/1300b0aE.dag/UnityEngine.UI.dll, with 166 defines and 303 references

processors: Unity.Jobs.CodeGen.JobsILPostProcessor, zzzUnity.Burst.CodeGen.BurstILPostProcessor

1 processor(s) skipped this assembly

running Unity.Jobs.CodeGen.JobsILPostProcessor
[           0s] Csc Library/Bee/artifacts/1300b0aE.dag/Unity.VisualScripting.Core.Editor.dll (+2 others) [CacheWrite a21c22f1009847dfdc40997ea296abb400000000000000000000000000000006]
[1005/1565  7s] Csc Library/Bee/artifacts/1300b0aE.dag/Unity.PlasticSCM.Editor.dll (+2 others)
[1006/1565  0s] ILPostProcess Library/Bee/artifacts/1300b0aE.dag/post-processed/Unity.TextMeshPro.dll (+pdb)
Processing assembly Library/Bee/artifacts/1300b0aE.dag/Unity.TextMeshPro.dll, with 161 defines and 306 references

processors: Unity.Jobs.CodeGen.JobsILPostProcessor, zzzUnity.Burst.CodeGen.BurstILPostProcessor

1 processor(s) skipped this assembly

running Unity.Jobs.CodeGen.JobsILPostProcessor
[           0s] Csc Library/Bee/artifacts/1300b0aE.dag/Unity.VisualScripting.Flow.Editor.dll (+2 others) [CacheMiss bb5a3a16fe04edc73327702d23e8db3e00000000000000000000000000000006]
[           0s] Csc Library/Bee/artifacts/1300b0aE.dag/Unity.PlasticSCM.Editor.dll (+2 others) [CacheWrite 9a8ed57abd6f24b99a7b594b3fce88dd00000000000000000000000000000006]
[           0s] Csc Library/Bee/artifacts/1300b0aE.dag/Unity.PlasticSCM.Editor.Assistant.dll (+2 others) [CacheMiss c5918c013f4a79296a4103f7981dff8c00000000000000000000000000000006]
[1009/1565  0s] Csc Library/Bee/artifacts/1300b0aE.dag/Unity.PlasticSCM.Editor.Assistant.dll (+2 others)
[           0s] Csc Library/Bee/artifacts/1300b0aE.dag/Unity.PlasticSCM.Editor.Assistant.dll (+2 others) [CacheWrite c5918c013f4a79296a4103f7981dff8c00000000000000000000000000000006]
[           0s] Csc Library/Bee/artifacts/1300b0aE.dag/Unity.PlasticSCM.Editor.Entities.dll (+2 others) [CacheMiss 5a5c624a444f9104046775d206a617bb00000000000000000000000000000006]
[1013/1565  0s] ILPostProcess Library/Bee/artifacts/1300b0aE.dag/post-processed/Unity.VisualScripting.Core.dll (+pdb)
Processing assembly Library/Bee/artifacts/1300b0aE.dag/Unity.VisualScripting.Core.dll, with 165 defines and 306 references

processors: Unity.Jobs.CodeGen.JobsILPostProcessor, zzzUnity.Burst.CodeGen.BurstILPostProcessor

1 processor(s) skipped this assembly

running Unity.Jobs.CodeGen.JobsILPostProcessor
[1014/1565  0s] ILPostProcess Library/Bee/artifacts/1300b0aE.dag/post-processed/Unity.Timeline.dll (+pdb)
Processing assembly Library/Bee/artifacts/1300b0aE.dag/Unity.Timeline.dll, with 161 defines and 305 references

processors: Unity.Jobs.CodeGen.JobsILPostProcessor, zzzUnity.Burst.CodeGen.BurstILPostProcessor

1 processor(s) skipped this assembly

running Unity.Jobs.CodeGen.JobsILPostProcessor
[1015/1565  0s] ILPostProcess Library/Bee/artifacts/1300b0aE.dag/post-processed/Unity.Burst.dll (+pdb)
Processing assembly Library/Bee/artifacts/1300b0aE.dag/Unity.Burst.dll, with 160 defines and 305 references

processors: Unity.Jobs.CodeGen.JobsILPostProcessor, zzzUnity.Burst.CodeGen.BurstILPostProcessor

running Unity.Jobs.CodeGen.JobsILPostProcessor

running zzzUnity.Burst.CodeGen.BurstILPostProcessor
[1016/1565  0s] ILPostProcess Library/Bee/artifacts/1300b0aE.dag/post-processed/Unity.InternalAPIEngineBridge.ObjectDispatcher.Runtime.dll (+pdb)
Processing assembly Library/Bee/artifacts/1300b0aE.dag/Unity.InternalAPIEngineBridge.ObjectDispatcher.Runtime.dll, with 160 defines and 305 references

processors: Unity.Jobs.CodeGen.JobsILPostProcessor, zzzUnity.Burst.CodeGen.BurstILPostProcessor

1 processor(s) skipped this assembly

running Unity.Jobs.CodeGen.JobsILPostProcessor
[           0s] Csc Library/Bee/artifacts/1300b0aE.dag/Unity.CollabProxy.Editor.dll (+2 others) [CacheMiss f49bb0ff47ae30792b65af0894e628a800000000000000000000000000000006]
[1017/1565  0s] Csc Library/Bee/artifacts/1300b0aE.dag/Unity.PlasticSCM.Editor.Entities.dll (+2 others)
[           0s] Csc Library/Bee/artifacts/1300b0aE.dag/Unity.PlasticSCM.Editor.Entities.dll (+2 others) [CacheWrite 5a5c624a444f9104046775d206a617bb00000000000000000000000000000006]
[1018/1565  0s] ILPostProcess Library/Bee/artifacts/1300b0aE.dag/post-processed/Unity.Mathematics.dll (+pdb)
Processing assembly Library/Bee/artifacts/1300b0aE.dag/Unity.Mathematics.dll, with 160 defines and 305 references

processors: Unity.Jobs.CodeGen.JobsILPostProcessor, zzzUnity.Burst.CodeGen.BurstILPostProcessor

1 processor(s) skipped this assembly

running Unity.Jobs.CodeGen.JobsILPostProcessor
[1019/1565  1s] ILPostProcess Library/Bee/artifacts/1300b0aE.dag/post-processed/Unity.VisualScripting.Flow.dll (+pdb)
Processing assembly Library/Bee/artifacts/1300b0aE.dag/Unity.VisualScripting.Flow.dll, with 168 defines and 307 references

processors: Unity.Jobs.CodeGen.JobsILPostProcessor, zzzUnity.Burst.CodeGen.BurstILPostProcessor

1 processor(s) skipped this assembly

running Unity.Jobs.CodeGen.JobsILPostProcessor
[1020/1565  0s] Csc Library/Bee/artifacts/1300b0aE.dag/Unity.CollabProxy.Editor.dll (+2 others)
[1021/1565  1s] Csc Library/Bee/artifacts/1300b0aE.dag/Unity.VisualScripting.Flow.Editor.dll (+2 others)
[           0s] Csc Library/Bee/artifacts/1300b0aE.dag/Unity.CollabProxy.Editor.dll (+2 others) [CacheWrite f49bb0ff47ae30792b65af0894e628a800000000000000000000000000000006]
[1022/1565  0s] ILPostProcess Library/Bee/artifacts/1300b0aE.dag/post-processed/Unity.RenderPipelines.ShaderGraph.ShaderGraphLibrary.dll (+pdb)
Processing assembly Library/Bee/artifacts/1300b0aE.dag/Unity.RenderPipelines.ShaderGraph.ShaderGraphLibrary.dll, with 160 defines and 305 references

processors: Unity.Jobs.CodeGen.JobsILPostProcessor, zzzUnity.Burst.CodeGen.BurstILPostProcessor

1 processor(s) skipped this assembly

running Unity.Jobs.CodeGen.JobsILPostProcessor
[           0s] Csc Library/Bee/artifacts/1300b0aE.dag/Unity.VisualScripting.Flow.Editor.dll (+2 others) [CacheWrite bb5a3a16fe04edc73327702d23e8db3e00000000000000000000000000000006]
[1023/1565  1s] ILPostProcess Library/Bee/artifacts/1300b0aE.dag/post-processed/Unity.InputSystem.TestFramework.dll (+pdb)
Processing assembly Library/Bee/artifacts/1300b0aE.dag/Unity.InputSystem.TestFramework.dll, with 162 defines and 291 references

processors: Unity.Jobs.CodeGen.JobsILPostProcessor, zzzUnity.Burst.CodeGen.BurstILPostProcessor

1 processor(s) skipped this assembly

running Unity.Jobs.CodeGen.JobsILPostProcessor
[           0s] Csc Library/Bee/artifacts/1300b0aE.dag/Unity.VisualScripting.State.Editor.dll (+2 others) [CacheMiss 39fd9f73e0b6e96fb35359bec115d47800000000000000000000000000000006]
[           0s] Csc Library/Bee/artifacts/1300b0aE.dag/Unity.VisualScripting.SettingsProvider.Editor.dll (+2 others) [CacheMiss 67b490d9976c97886b2851858bb4dfaf00000000000000000000000000000006]
[1027/1565  0s] ILPostProcess Library/Bee/artifacts/1300b0aE.dag/post-processed/Unity.RenderPipelines.Universal.Shaders.dll (+pdb)
Processing assembly Library/Bee/artifacts/1300b0aE.dag/Unity.RenderPipelines.Universal.Shaders.dll, with 160 defines and 305 references

processors: Unity.Jobs.CodeGen.JobsILPostProcessor, zzzUnity.Burst.CodeGen.BurstILPostProcessor

1 processor(s) skipped this assembly

running Unity.Jobs.CodeGen.JobsILPostProcessor
[1028/1565  0s] ILPostProcess Library/Bee/artifacts/1300b0aE.dag/post-processed/Unity.InputSystem.ForUI.dll (+pdb)
Processing assembly Library/Bee/artifacts/1300b0aE.dag/Unity.InputSystem.ForUI.dll, with 160 defines and 306 references

processors: Unity.Jobs.CodeGen.JobsILPostProcessor, zzzUnity.Burst.CodeGen.BurstILPostProcessor

1 processor(s) skipped this assembly

running Unity.Jobs.CodeGen.JobsILPostProcessor
[1029/1565  0s] ILPostProcess Library/Bee/artifacts/1300b0aE.dag/post-processed/Unity.InternalAPIEngineBridge.RenderPipelines.Core.Runtime.Shared.dll (+pdb)
Processing assembly Library/Bee/artifacts/1300b0aE.dag/Unity.InternalAPIEngineBridge.RenderPipelines.Core.Runtime.Shared.dll, with 160 defines and 305 references

processors: Unity.Jobs.CodeGen.JobsILPostProcessor, zzzUnity.Burst.CodeGen.BurstILPostProcessor

1 processor(s) skipped this assembly

running Unity.Jobs.CodeGen.JobsILPostProcessor
[1030/1565  0s] ILPostProcess Library/Bee/artifacts/1300b0aE.dag/post-processed/Unity.AI.Navigation.dll (+pdb)
Processing assembly Library/Bee/artifacts/1300b0aE.dag/Unity.AI.Navigation.dll, with 161 defines and 305 references

processors: Unity.Jobs.CodeGen.JobsILPostProcessor, zzzUnity.Burst.CodeGen.BurstILPostProcessor

1 processor(s) skipped this assembly

running Unity.Jobs.CodeGen.JobsILPostProcessor
[1031/1565  0s] ILPostProcess Library/Bee/artifacts/1300b0aE.dag/post-processed/UnityEngine.SpatialTracking.dll (+pdb)
Processing assembly Library/Bee/artifacts/1300b0aE.dag/UnityEngine.SpatialTracking.dll, with 160 defines and 305 references

processors: Unity.Jobs.CodeGen.JobsILPostProcessor, zzzUnity.Burst.CodeGen.BurstILPostProcessor

1 processor(s) skipped this assembly

running Unity.Jobs.CodeGen.JobsILPostProcessor
[1032/1565  0s] ILPostProcess Library/Bee/artifacts/1300b0aE.dag/post-processed/Unity.Collections.Tests.CoreCLR.ProtectedJobNested.dll (+pdb)
Processing assembly Library/Bee/artifacts/1300b0aE.dag/Unity.Collections.Tests.CoreCLR.ProtectedJobNested.dll, with 160 defines and 306 references

processors: Unity.Jobs.CodeGen.JobsILPostProcessor, zzzUnity.Burst.CodeGen.BurstILPostProcessor

1 processor(s) skipped this assembly

running Unity.Jobs.CodeGen.JobsILPostProcessor
[1033/1565  0s] ILPostProcess Library/Bee/artifacts/1300b0aE.dag/post-processed/UnityEngine.XR.LegacyInputHelpers.dll (+pdb)
Processing assembly Library/Bee/artifacts/1300b0aE.dag/UnityEngine.XR.LegacyInputHelpers.dll, with 160 defines and 306 references

processors: Unity.Jobs.CodeGen.JobsILPostProcessor, zzzUnity.Burst.CodeGen.BurstILPostProcessor

1 processor(s) skipped this assembly

running Unity.Jobs.CodeGen.JobsILPostProcessor
[1034/1565  0s] ILPostProcess Library/Bee/artifacts/1300b0aE.dag/post-processed/Unity.CollabProxy.Editor.dll (+pdb)
Processing assembly Library/Bee/artifacts/1300b0aE.dag/Unity.CollabProxy.Editor.dll, with 158 defines and 318 references

processors: Unity.Jobs.CodeGen.JobsILPostProcessor, zzzUnity.Burst.CodeGen.BurstILPostProcessor

1 processor(s) skipped this assembly

running Unity.Jobs.CodeGen.JobsILPostProcessor
[1035/1565  0s] Csc Library/Bee/artifacts/1300b0aE.dag/Unity.VisualScripting.SettingsProvider.Editor.dll (+2 others)
[           0s] Csc Library/Bee/artifacts/1300b0aE.dag/Unity.VisualScripting.SettingsProvider.Editor.dll (+2 others) [CacheWrite 67b490d9976c97886b2851858bb4dfaf00000000000000000000000000000006]
[1037/1565  0s] Csc Library/Bee/artifacts/1300b0aE.dag/Unity.VisualScripting.State.Editor.dll (+2 others)
[           0s] Csc Library/Bee/artifacts/1300b0aE.dag/Unity.VisualScripting.State.Editor.dll (+2 others) [CacheWrite 39fd9f73e0b6e96fb35359bec115d47800000000000000000000000000000006]
[           0s] Csc Library/Bee/artifacts/1300b0aE.dag/Unity.VisualScripting.Shared.Editor.dll (+2 others) [CacheMiss cfa69013cd2f375e39b2d010f76d8b9400000000000000000000000000000006]
[1040/1565  0s] ILPostProcess Library/Bee/artifacts/1300b0aE.dag/post-processed/UnityEngine.TestRunner.dll (+pdb)
Processing assembly Library/Bee/artifacts/1300b0aE.dag/UnityEngine.TestRunner.dll, with 161 defines and 286 references

processors: Unity.Jobs.CodeGen.JobsILPostProcessor, zzzUnity.Burst.CodeGen.BurstILPostProcessor

1 processor(s) skipped this assembly

running Unity.Jobs.CodeGen.JobsILPostProcessor
[1041/1565  0s] ILPostProcess Library/Bee/artifacts/1300b0aE.dag/post-processed/Unity.VisualScripting.Flow.Editor.dll (+pdb)
Processing assembly Library/Bee/artifacts/1300b0aE.dag/Unity.VisualScripting.Flow.Editor.dll, with 160 defines and 321 references

processors: Unity.Jobs.CodeGen.JobsILPostProcessor, zzzUnity.Burst.CodeGen.BurstILPostProcessor

1 processor(s) skipped this assembly

running Unity.Jobs.CodeGen.JobsILPostProcessor
[1042/1565  0s] ILPostProcess Library/Bee/artifacts/1300b0aE.dag/post-processed/Unity.Collections.Editor.dll (+pdb)
Processing assembly Library/Bee/artifacts/1300b0aE.dag/Unity.Collections.Editor.dll, with 159 defines and 318 references

processors: Unity.Jobs.CodeGen.JobsILPostProcessor, zzzUnity.Burst.CodeGen.BurstILPostProcessor

1 processor(s) skipped this assembly

running Unity.Jobs.CodeGen.JobsILPostProcessor
[1043/1565  0s] ILPostProcess Library/Bee/artifacts/1300b0aE.dag/post-processed/Unity.InputSystem.DocCodeSamples.dll (+pdb)
Processing assembly Library/Bee/artifacts/1300b0aE.dag/Unity.InputSystem.DocCodeSamples.dll, with 158 defines and 304 references

processors: Unity.Jobs.CodeGen.JobsILPostProcessor, zzzUnity.Burst.CodeGen.BurstILPostProcessor

1 processor(s) skipped this assembly

running Unity.Jobs.CodeGen.JobsILPostProcessor
[1044/1565  0s] Csc Library/Bee/artifacts/1300b0aE.dag/Unity.VisualScripting.Shared.Editor.dll (+2 others)
[1045/1565  3s] Csc Library/Bee/artifacts/1300b0aE.dag/Unity.RenderPipelines.Core.Runtime.dll (+2 others)
[           0s] Csc Library/Bee/artifacts/1300b0aE.dag/Unity.VisualScripting.Shared.Editor.dll (+2 others) [CacheWrite cfa69013cd2f375e39b2d010f76d8b9400000000000000000000000000000006]
[           0s] Csc Library/Bee/artifacts/1300b0aE.dag/Unity.RenderPipelines.Core.Runtime.dll (+2 others) [CacheWrite b15a260629a544f18abf09d998d38d1e00000000000000000000000000000006]
[           0s] Csc Library/Bee/artifacts/1300b0aE.dag/Unity.PathTracing.Runtime.dll (+2 others) [CacheMiss c3a2b2f82643000a14ed9b347180126200000000000000000000000000000006]
[1049/1565  2s] ILPostProcess Library/Bee/artifacts/1300b0aE.dag/post-processed/Unity.InputSystem.dll (+pdb)
Processing assembly Library/Bee/artifacts/1300b0aE.dag/Unity.InputSystem.dll, with 173 defines and 305 references

processors: Unity.Jobs.CodeGen.JobsILPostProcessor, zzzUnity.Burst.CodeGen.BurstILPostProcessor

1 processor(s) skipped this assembly

running Unity.Jobs.CodeGen.JobsILPostProcessor
[1050/1565  0s] ILPostProcess Library/Bee/artifacts/1300b0aE.dag/post-processed/Unity.VisualScripting.SettingsProvider.Editor.dll (+pdb)
Processing assembly Library/Bee/artifacts/1300b0aE.dag/Unity.VisualScripting.SettingsProvider.Editor.dll, with 158 defines and 322 references

processors: Unity.Jobs.CodeGen.JobsILPostProcessor, zzzUnity.Burst.CodeGen.BurstILPostProcessor

1 processor(s) skipped this assembly

running Unity.Jobs.CodeGen.JobsILPostProcessor
[           0s] Csc Library/Bee/artifacts/1300b0aE.dag/Unity.RenderPipelines.Core.Runtime.Shared.dll (+2 others) [CacheMiss 455c40192aa979299b21fad86aee83d100000000000000000000000000000006]
[           0s] Csc Library/Bee/artifacts/1300b0aE.dag/Unity.RenderPipelines.GPUDriven.Runtime.dll (+2 others) [CacheMiss acf4e6055fbf8d002234938a9953fa1c00000000000000000000000000000006]
[1053/1565  0s] Csc Library/Bee/artifacts/1300b0aE.dag/Unity.RenderPipelines.Core.Runtime.Shared.dll (+2 others)
[1054/1565  0s] ILPostProcess Library/Bee/artifacts/1300b0aE.dag/post-processed/Unity.AI.Navigation.Editor.ConversionSystem.dll (+pdb)
Processing assembly Library/Bee/artifacts/1300b0aE.dag/Unity.AI.Navigation.Editor.ConversionSystem.dll, with 158 defines and 317 references

processors: Unity.Jobs.CodeGen.JobsILPostProcessor, zzzUnity.Burst.CodeGen.BurstILPostProcessor

1 processor(s) skipped this assembly

running Unity.Jobs.CodeGen.JobsILPostProcessor
[1055/1565  0s] ILPostProcess Library/Bee/artifacts/1300b0aE.dag/post-processed/Unity.XR.CoreUtils.Editor.dll (+pdb)
Processing assembly Library/Bee/artifacts/1300b0aE.dag/Unity.XR.CoreUtils.Editor.dll, with 160 defines and 319 references

processors: Unity.Jobs.CodeGen.JobsILPostProcessor, zzzUnity.Burst.CodeGen.BurstILPostProcessor

1 processor(s) skipped this assembly

running Unity.Jobs.CodeGen.JobsILPostProcessor
[1056/1565  0s] ILPostProcess Library/Bee/artifacts/1300b0aE.dag/post-processed/Unity.PlasticSCM.Editor.Entities.dll (+pdb)
Processing assembly Library/Bee/artifacts/1300b0aE.dag/Unity.PlasticSCM.Editor.Entities.dll, with 158 defines and 318 references

processors: Unity.Jobs.CodeGen.JobsILPostProcessor, zzzUnity.Burst.CodeGen.BurstILPostProcessor

1 processor(s) skipped this assembly

running Unity.Jobs.CodeGen.JobsILPostProcessor
[1057/1565  0s] ILPostProcess Library/Bee/artifacts/1300b0aE.dag/post-processed/Unity.Rendering.LightTransport.Editor.dll (+pdb)
Processing assembly Library/Bee/artifacts/1300b0aE.dag/Unity.Rendering.LightTransport.Editor.dll, with 158 defines and 317 references

processors: Unity.Jobs.CodeGen.JobsILPostProcessor, zzzUnity.Burst.CodeGen.BurstILPostProcessor

1 processor(s) skipped this assembly

running Unity.Jobs.CodeGen.JobsILPostProcessor
[1058/1565  0s] ILPostProcess Library/Bee/artifacts/1300b0aE.dag/post-processed/Unity.VisualScripting.Shared.Editor.dll (+pdb)
Processing assembly Library/Bee/artifacts/1300b0aE.dag/Unity.VisualScripting.Shared.Editor.dll, with 158 defines and 323 references

processors: Unity.Jobs.CodeGen.JobsILPostProcessor, zzzUnity.Burst.CodeGen.BurstILPostProcessor

1 processor(s) skipped this assembly

running Unity.Jobs.CodeGen.JobsILPostProcessor
[           0s] Csc Library/Bee/artifacts/1300b0aE.dag/Unity.RenderPipelines.Core.Runtime.Shared.dll (+2 others) [CacheWrite 455c40192aa979299b21fad86aee83d100000000000000000000000000000006]
[1060/1565  0s] ILPostProcess Library/Bee/artifacts/1300b0aE.dag/post-processed/UnityEditor.UI.dll (+pdb)
Processing assembly Library/Bee/artifacts/1300b0aE.dag/UnityEditor.UI.dll, with 161 defines and 316 references

processors: Unity.Jobs.CodeGen.JobsILPostProcessor, zzzUnity.Burst.CodeGen.BurstILPostProcessor

1 processor(s) skipped this assembly

running Unity.Jobs.CodeGen.JobsILPostProcessor
[           0s] Csc Library/Bee/artifacts/1300b0aE.dag/Unity.RenderPipeline.Universal.ShaderLibrary.dll (+2 others) [CacheMiss 61967f62d78295db1765b975759d5d8a00000000000000000000000000000006]
[           0s] Csc Library/Bee/artifacts/1300b0aE.dag/Unity.TextMeshPro.Editor.dll (+2 others) [CacheMiss f8c97dbbcdd67476b487048bc92da76b00000000000000000000000000000006]
[           0s] Csc Library/Bee/artifacts/1300b0aE.dag/Unity.RenderPipelines.Universal.Config.Runtime.dll (+2 others) [CacheMiss bf065fa6b858804b615cebcae382762100000000000000000000000000000006]
[1064/1565  0s] ILPostProcess Library/Bee/artifacts/1300b0aE.dag/post-processed/Unity.XR.Interaction.Toolkit.Analytics.Editor.dll (+pdb)
Processing assembly Library/Bee/artifacts/1300b0aE.dag/Unity.XR.Interaction.Toolkit.Analytics.Editor.dll, with 158 defines and 318 references

processors: Unity.Jobs.CodeGen.JobsILPostProcessor, zzzUnity.Burst.CodeGen.BurstILPostProcessor

1 processor(s) skipped this assembly

running Unity.Jobs.CodeGen.JobsILPostProcessor
[1065/1565  0s] ILPostProcess Library/Bee/artifacts/1300b0aE.dag/post-processed/Unity.Timeline.Editor.dll (+pdb)
Processing assembly Library/Bee/artifacts/1300b0aE.dag/Unity.Timeline.Editor.dll, with 159 defines and 318 references

processors: Unity.Jobs.CodeGen.JobsILPostProcessor, zzzUnity.Burst.CodeGen.BurstILPostProcessor

1 processor(s) skipped this assembly

running Unity.Jobs.CodeGen.JobsILPostProcessor
[1066/1565  0s] ILPostProcess Library/Bee/artifacts/1300b0aE.dag/post-processed/Unity.InputSystem.ForUI.Editor.dll (+pdb)
Processing assembly Library/Bee/artifacts/1300b0aE.dag/Unity.InputSystem.ForUI.Editor.dll, with 158 defines and 319 references

processors: Unity.Jobs.CodeGen.JobsILPostProcessor, zzzUnity.Burst.CodeGen.BurstILPostProcessor

1 processor(s) skipped this assembly

running Unity.Jobs.CodeGen.JobsILPostProcessor
[1067/1565  0s] ILPostProcess Library/Bee/artifacts/1300b0aE.dag/post-processed/Unity.RenderPipelines.Core.Runtime.Shared.dll (+pdb)
Processing assembly Library/Bee/artifacts/1300b0aE.dag/Unity.RenderPipelines.Core.Runtime.Shared.dll, with 160 defines and 308 references

processors: Unity.Jobs.CodeGen.JobsILPostProcessor, zzzUnity.Burst.CodeGen.BurstILPostProcessor

1 processor(s) skipped this assembly

running Unity.Jobs.CodeGen.JobsILPostProcessor
[1068/1565  0s] Csc Library/Bee/artifacts/1300b0aE.dag/Unity.RenderPipelines.Universal.Config.Runtime.dll (+2 others)
[1069/1565  0s] ILPostProcess Library/Bee/artifacts/1300b0aE.dag/post-processed/Unity.ShaderGraph.Utilities.dll (+pdb)
Processing assembly Library/Bee/artifacts/1300b0aE.dag/Unity.ShaderGraph.Utilities.dll, with 158 defines and 317 references

processors: Unity.Jobs.CodeGen.JobsILPostProcessor, zzzUnity.Burst.CodeGen.BurstILPostProcessor

1 processor(s) skipped this assembly

running Unity.Jobs.CodeGen.JobsILPostProcessor
[1070/1565  0s] Csc Library/Bee/artifacts/1300b0aE.dag/Unity.PathTracing.Runtime.dll (+2 others)
[1071/1565  0s] Csc Library/Bee/artifacts/1300b0aE.dag/Unity.RenderPipeline.Universal.ShaderLibrary.dll (+2 others)
[           0s] Csc Library/Bee/artifacts/1300b0aE.dag/Unity.RenderPipelines.Universal.Config.Runtime.dll (+2 others) [CacheWrite bf065fa6b858804b615cebcae382762100000000000000000000000000000006]
[           0s] Csc Library/Bee/artifacts/1300b0aE.dag/Unity.PathTracing.Runtime.dll (+2 others) [CacheWrite c3a2b2f82643000a14ed9b347180126200000000000000000000000000000006]
[           0s] Csc Library/Bee/artifacts/1300b0aE.dag/Unity.RenderPipeline.Universal.ShaderLibrary.dll (+2 others) [CacheWrite 61967f62d78295db1765b975759d5d8a00000000000000000000000000000006]
[           0s] Csc Library/Bee/artifacts/1300b0aE.dag/Unity.SurfaceCache.Runtime.dll (+2 others) [CacheMiss b2143c5bfa54f321c42d0cb726e6718400000000000000000000000000000006]
[           0s] Csc Library/Bee/artifacts/1300b0aE.dag/Unity.PathTracing.Editor.dll (+2 others) [CacheMiss c3f52d6222ade96e917cbda1e00756cf00000000000000000000000000000006]
[1077/1565  0s] ILPostProcess Library/Bee/artifacts/1300b0aE.dag/post-processed/Unity.InternalAPIEditorBridge.ShaderGraph.Editor.dll (+pdb)
Processing assembly Library/Bee/artifacts/1300b0aE.dag/Unity.InternalAPIEditorBridge.ShaderGraph.Editor.dll, with 158 defines and 317 references

processors: Unity.Jobs.CodeGen.JobsILPostProcessor, zzzUnity.Burst.CodeGen.BurstILPostProcessor

1 processor(s) skipped this assembly

running Unity.Jobs.CodeGen.JobsILPostProcessor
[1078/1565  0s] ILPostProcess Library/Bee/artifacts/1300b0aE.dag/post-processed/Unity.RenderPipelines.Universal.Config.Runtime.dll (+pdb)
Processing assembly Library/Bee/artifacts/1300b0aE.dag/Unity.RenderPipelines.Universal.Config.Runtime.dll, with 160 defines and 306 references

processors: Unity.Jobs.CodeGen.JobsILPostProcessor, zzzUnity.Burst.CodeGen.BurstILPostProcessor

1 processor(s) skipped this assembly

running Unity.Jobs.CodeGen.JobsILPostProcessor
[1079/1565  0s] Csc Library/Bee/artifacts/1300b0aE.dag/Unity.SurfaceCache.Runtime.dll (+2 others)
[1080/1565  1s] Csc Library/Bee/artifacts/1300b0aE.dag/Unity.RenderPipelines.GPUDriven.Runtime.dll (+2 others)
[1081/1565  0s] ILPostProcess Library/Bee/artifacts/1300b0aE.dag/post-processed/Unity.GraphAuthoring.Editor.dll (+pdb)
Processing assembly Library/Bee/artifacts/1300b0aE.dag/Unity.GraphAuthoring.Editor.dll, with 158 defines and 317 references

processors: Unity.Jobs.CodeGen.JobsILPostProcessor, zzzUnity.Burst.CodeGen.BurstILPostProcessor

1 processor(s) skipped this assembly

running Unity.Jobs.CodeGen.JobsILPostProcessor
[1082/1565  3s] ILPostProcess Library/Bee/artifacts/1300b0aE.dag/post-processed/Unity.Collections.dll (+pdb)
Processing assembly Library/Bee/artifacts/1300b0aE.dag/Unity.Collections.dll, with 162 defines and 307 references

processors: Unity.Jobs.CodeGen.JobsILPostProcessor, zzzUnity.Burst.CodeGen.BurstILPostProcessor

running Unity.Jobs.CodeGen.JobsILPostProcessor

running zzzUnity.Burst.CodeGen.BurstILPostProcessor
[1083/1565  0s] ILPostProcess Library/Bee/artifacts/1300b0aE.dag/post-processed/Unity.RenderPipeline.Universal.ShaderLibrary.dll (+pdb)
Processing assembly Library/Bee/artifacts/1300b0aE.dag/Unity.RenderPipeline.Universal.ShaderLibrary.dll, with 160 defines and 306 references

processors: Unity.Jobs.CodeGen.JobsILPostProcessor, zzzUnity.Burst.CodeGen.BurstILPostProcessor

1 processor(s) skipped this assembly

running Unity.Jobs.CodeGen.JobsILPostProcessor
[           0s] Csc Library/Bee/artifacts/1300b0aE.dag/Unity.SurfaceCache.Runtime.dll (+2 others) [CacheWrite b2143c5bfa54f321c42d0cb726e6718400000000000000000000000000000006]
[           0s] Csc Library/Bee/artifacts/1300b0aE.dag/Unity.RenderPipelines.GPUDriven.Runtime.dll (+2 others) [CacheWrite acf4e6055fbf8d002234938a9953fa1c00000000000000000000000000000006]
[           0s] Csc Library/Bee/artifacts/1300b0aE.dag/Unity.RenderPipelines.Universal.Runtime.dll (+2 others) [CacheMiss 9a7c6c8fb7165424175a4c570c8a7d1e00000000000000000000000000000006]
[1087/1565  1s] Csc Library/Bee/artifacts/1300b0aE.dag/Unity.TextMeshPro.Editor.dll (+2 others)
[1088/1565  0s] Csc Library/Bee/artifacts/1300b0aE.dag/Unity.PathTracing.Editor.dll (+2 others)
[           0s] Csc Library/Bee/artifacts/1300b0aE.dag/Unity.TextMeshPro.Editor.dll (+2 others) [CacheWrite f8c97dbbcdd67476b487048bc92da76b00000000000000000000000000000006]
[           0s] Csc Library/Bee/artifacts/1300b0aE.dag/Unity.PathTracing.Editor.dll (+2 others) [CacheWrite c3f52d6222ade96e917cbda1e00756cf00000000000000000000000000000006]
[           0s] Csc Library/Bee/artifacts/1300b0aE.dag/Unity.RenderPipelines.Core.Editor.dll (+2 others) [CacheMiss 9551ff58ae220aa707ea4c4b97fb945900000000000000000000000000000006]
[1092/1565  0s] ILPostProcess Library/Bee/artifacts/1300b0aE.dag/post-processed/Unity.PathTracing.Runtime.dll (+pdb)
Processing assembly Library/Bee/artifacts/1300b0aE.dag/Unity.PathTracing.Runtime.dll, with 163 defines and 309 references

processors: Unity.Jobs.CodeGen.JobsILPostProcessor, zzzUnity.Burst.CodeGen.BurstILPostProcessor

1 processor(s) skipped this assembly

running Unity.Jobs.CodeGen.JobsILPostProcessor
[1093/1565  0s] ILPostProcess Library/Bee/artifacts/1300b0aE.dag/post-processed/UnityEditor.SpatialTracking.dll (+pdb)
Processing assembly Library/Bee/artifacts/1300b0aE.dag/UnityEditor.SpatialTracking.dll, with 159 defines and 318 references

processors: Unity.Jobs.CodeGen.JobsILPostProcessor, zzzUnity.Burst.CodeGen.BurstILPostProcessor

1 processor(s) skipped this assembly

running Unity.Jobs.CodeGen.JobsILPostProcessor
[1094/1565  1s] ILPostProcess Library/Bee/artifacts/1300b0aE.dag/post-processed/Unity.RenderPipelines.Core.Runtime.dll (+pdb)
Processing assembly Library/Bee/artifacts/1300b0aE.dag/Unity.RenderPipelines.Core.Runtime.dll, with 165 defines and 309 references

processors: Unity.Jobs.CodeGen.JobsILPostProcessor, zzzUnity.Burst.CodeGen.BurstILPostProcessor

1 processor(s) skipped this assembly

running Unity.Jobs.CodeGen.JobsILPostProcessor
[1095/1565  0s] ILPostProcess Library/Bee/artifacts/1300b0aE.dag/post-processed/Unity.EditorCoroutines.Editor.dll (+pdb)
Processing assembly Library/Bee/artifacts/1300b0aE.dag/Unity.EditorCoroutines.Editor.dll, with 158 defines and 317 references

processors: Unity.Jobs.CodeGen.JobsILPostProcessor, zzzUnity.Burst.CodeGen.BurstILPostProcessor

1 processor(s) skipped this assembly

running Unity.Jobs.CodeGen.JobsILPostProcessor
[1096/1565  1s] ILPostProcess Library/Bee/artifacts/1300b0aE.dag/post-processed/Unity.VisualScripting.Core.Editor.dll (+pdb)
Processing assembly Library/Bee/artifacts/1300b0aE.dag/Unity.VisualScripting.Core.Editor.dll, with 158 defines and 318 references

processors: Unity.Jobs.CodeGen.JobsILPostProcessor, zzzUnity.Burst.CodeGen.BurstILPostProcessor

1 processor(s) skipped this assembly

running Unity.Jobs.CodeGen.JobsILPostProcessor
[1097/1565  0s] ILPostProcess Library/Bee/artifacts/1300b0aE.dag/post-processed/Unity.PathTracing.Editor.dll (+pdb)
Processing assembly Library/Bee/artifacts/1300b0aE.dag/Unity.PathTracing.Editor.dll, with 159 defines and 321 references

processors: Unity.Jobs.CodeGen.JobsILPostProcessor, zzzUnity.Burst.CodeGen.BurstILPostProcessor

1 processor(s) skipped this assembly

running Unity.Jobs.CodeGen.JobsILPostProcessor
[1098/1565  0s] ILPostProcess Library/Bee/artifacts/1300b0aE.dag/post-processed/Unity.SurfaceCache.Runtime.dll (+pdb)
Processing assembly Library/Bee/artifacts/1300b0aE.dag/Unity.SurfaceCache.Runtime.dll, with 161 defines and 309 references

processors: Unity.Jobs.CodeGen.JobsILPostProcessor, zzzUnity.Burst.CodeGen.BurstILPostProcessor

1 processor(s) skipped this assembly

running Unity.Jobs.CodeGen.JobsILPostProcessor
[1099/1565  0s] ILPostProcess Library/Bee/artifacts/1300b0aE.dag/post-processed/Unity.InternalAPIEngineBridge.RenderPipelines.Core.Editor.dll (+pdb)
Processing assembly Library/Bee/artifacts/1300b0aE.dag/Unity.InternalAPIEngineBridge.RenderPipelines.Core.Editor.dll, with 158 defines and 317 references

processors: Unity.Jobs.CodeGen.JobsILPostProcessor, zzzUnity.Burst.CodeGen.BurstILPostProcessor

1 processor(s) skipped this assembly

running Unity.Jobs.CodeGen.JobsILPostProcessor
[1100/1565  0s] ILPostProcess Library/Bee/artifacts/1300b0aE.dag/post-processed/Unity.AI.Navigation.Editor.dll (+pdb)
Processing assembly Library/Bee/artifacts/1300b0aE.dag/Unity.AI.Navigation.Editor.dll, with 159 defines and 319 references

processors: Unity.Jobs.CodeGen.JobsILPostProcessor, zzzUnity.Burst.CodeGen.BurstILPostProcessor

1 processor(s) skipped this assembly

running Unity.Jobs.CodeGen.JobsILPostProcessor
[1101/1565  0s] ILPostProcess Library/Bee/artifacts/1300b0aE.dag/post-processed/Unity.VisualScripting.State.Editor.dll (+pdb)
Processing assembly Library/Bee/artifacts/1300b0aE.dag/Unity.VisualScripting.State.Editor.dll, with 158 defines and 322 references

processors: Unity.Jobs.CodeGen.JobsILPostProcessor, zzzUnity.Burst.CodeGen.BurstILPostProcessor

1 processor(s) skipped this assembly

running Unity.Jobs.CodeGen.JobsILPostProcessor
[1102/1565  0s] ILPostProcess Library/Bee/artifacts/1300b0aE.dag/post-processed/Unity.PlasticSCM.Editor.Assistant.dll (+pdb)
Processing assembly Library/Bee/artifacts/1300b0aE.dag/Unity.PlasticSCM.Editor.Assistant.dll, with 158 defines and 318 references

processors: Unity.Jobs.CodeGen.JobsILPostProcessor, zzzUnity.Burst.CodeGen.BurstILPostProcessor

1 processor(s) skipped this assembly

running Unity.Jobs.CodeGen.JobsILPostProcessor
[1103/1565  0s] ILPostProcess Library/Bee/artifacts/1300b0aE.dag/post-processed/Unity.XR.ARAnalytics.Editor.dll (+pdb)
Processing assembly Library/Bee/artifacts/1300b0aE.dag/Unity.XR.ARAnalytics.Editor.dll, with 158 defines and 318 references

processors: Unity.Jobs.CodeGen.JobsILPostProcessor, zzzUnity.Burst.CodeGen.BurstILPostProcessor

1 processor(s) skipped this assembly

running Unity.Jobs.CodeGen.JobsILPostProcessor
[1104/1565  0s] ILPostProcess Library/Bee/artifacts/1300b0aE.dag/post-processed/Unity.Searcher.Editor.dll (+pdb)
Processing assembly Library/Bee/artifacts/1300b0aE.dag/Unity.Searcher.Editor.dll, with 158 defines and 317 references

processors: Unity.Jobs.CodeGen.JobsILPostProcessor, zzzUnity.Burst.CodeGen.BurstILPostProcessor

1 processor(s) skipped this assembly

running Unity.Jobs.CodeGen.JobsILPostProcessor
[1105/1565  1s] ILPostProcess Library/Bee/artifacts/1300b0aE.dag/post-processed/UnityEditor.TestRunner.dll (+pdb)
Processing assembly Library/Bee/artifacts/1300b0aE.dag/UnityEditor.TestRunner.dll, with 159 defines and 304 references

processors: Unity.Jobs.CodeGen.JobsILPostProcessor, zzzUnity.Burst.CodeGen.BurstILPostProcessor

1 processor(s) skipped this assembly

running Unity.Jobs.CodeGen.JobsILPostProcessor
[1106/1565  0s] ILPostProcess Library/Bee/artifacts/1300b0aE.dag/post-processed/UnityEditor.UI.Analytics.dll (+pdb)
Processing assembly Library/Bee/artifacts/1300b0aE.dag/UnityEditor.UI.Analytics.dll, with 158 defines and 318 references

processors: Unity.Jobs.CodeGen.JobsILPostProcessor, zzzUnity.Burst.CodeGen.BurstILPostProcessor

1 processor(s) skipped this assembly

running Unity.Jobs.CodeGen.JobsILPostProcessor
[1107/1565  0s] ILPostProcess Library/Bee/artifacts/1300b0aE.dag/post-processed/Unity.AI.Navigation.Updater.dll (+pdb)
Processing assembly Library/Bee/artifacts/1300b0aE.dag/Unity.AI.Navigation.Updater.dll, with 158 defines and 320 references

processors: Unity.Jobs.CodeGen.JobsILPostProcessor, zzzUnity.Burst.CodeGen.BurstILPostProcessor

1 processor(s) skipped this assembly

running Unity.Jobs.CodeGen.JobsILPostProcessor
[1108/1565  0s] CopyFiles Library/ScriptAssemblies/Unity.Collections.Tests.CoreCLR.PrivateJobNested.dll
[1110/1565  0s] CopyFiles Library/ScriptAssemblies/Unity.PathTracing.Runtime.dll
[1111/1565  0s] CopyFiles Library/ScriptAssemblies/Unity.Collections.Tests.CoreCLR.InternalJobNestedPrivate.dll
[1112/1565  0s] CopyFiles Library/ScriptAssemblies/Unity.InternalAPIEngineBridge.004.dll
[1114/1565  0s] CopyFiles Library/ScriptAssemblies/Unity.Collections.Tests.CoreCLR.PublicJobPrivateGeneric.dll
[1116/1565  0s] CopyFiles Library/ScriptAssemblies/Unity.RenderPipelines.Universal.Shaders.dll
[1117/1565  0s] CopyFiles Library/ScriptAssemblies/Unity.RenderPipelines.Core.Runtime.Shared.dll
[1118/1565  0s] CopyFiles Library/ScriptAssemblies/Unity.RenderPipelines.Core.ShaderLibrary.dll
[1119/1565  0s] CopyFiles Library/ScriptAssemblies/Unity.AI.Navigation.dll
[1120/1565  0s] CopyFiles Library/ScriptAssemblies/Unity.RenderPipeline.Universal.ShaderLibrary.dll
[1121/1565  0s] CopyFiles Library/ScriptAssemblies/Unity.InternalAPIEngineBridge.RenderPipelines.Core.Runtime.Shared.dll
[1122/1565  0s] CopyFiles Library/ScriptAssemblies/Unity.RenderPipelines.Core.Runtime.dll
[1123/1565  0s] CopyFiles Library/ScriptAssemblies/Unity.SurfaceCache.Runtime.dll
[1124/1565  0s] CopyFiles Library/ScriptAssemblies/Unity.XR.CoreUtils.dll
[1125/1565  0s] CopyFiles Library/ScriptAssemblies/Unity.InternalAPIEngineBridge.ObjectDispatcher.Runtime.dll
[1126/1565  0s] CopyFiles Library/ScriptAssemblies/UnityEngine.UI.dll
[1128/1565  0s] CopyFiles Library/ScriptAssemblies/Unity.Mathematics.dll
[1129/1565  0s] CopyFiles Library/ScriptAssemblies/Unity.Collections.Tests.CoreCLR.ProtectedJobNested.dll
[1130/1565  0s] CopyFiles Library/ScriptAssemblies/Unity.RenderPipelines.Universal.Config.Runtime.dll
[1132/1565  0s] CopyFiles Library/ScriptAssemblies/Unity.VisualScripting.State.dll
[1133/1565  0s] CopyFiles Library/ScriptAssemblies/Unity.RenderPipelines.ShaderGraph.ShaderGraphLibrary.dll
[1134/1565  0s] CopyFiles Library/ScriptAssemblies/Unity.VisualScripting.Core.dll
[1135/1565  0s] CopyFiles Library/ScriptAssemblies/Unity.VisualScripting.Flow.dll
[1136/1565  0s] CopyFiles Library/ScriptAssemblies/Unity.Profiling.Core.dll
[1137/1565  0s] CopyFiles Library/ScriptAssemblies/Unity.TextMeshPro.dll
[1138/1565  0s] CopyFiles Library/ScriptAssemblies/Unity.Burst.dll
[1139/1565  0s] CopyFiles Library/ScriptAssemblies/Unity.VisualScripting.DocCodeExamples.dll
[1140/1565  0s] CopyFiles Library/ScriptAssemblies/Unity.Collections.dll
[1142/1565  0s] CopyFiles Library/ScriptAssemblies/Unity.XR.Management.dll
[1143/1565  0s] CopyFiles Library/ScriptAssemblies/Unity.UnifiedRayTracing.Runtime.dll
[1144/1565  0s] CopyFiles Library/ScriptAssemblies/Unity.Timeline.dll
[1150/1565  0s] CopyFiles Library/ScriptAssemblies/Unity.XR.ARAnalytics.Editor.pdb
[1151/1565  0s] CopyFiles Library/ScriptAssemblies/Unity.XR.ARAnalytics.Editor.dll
[1152/1565  0s] CopyFiles Library/ScriptAssemblies/Unity.PlasticSCM.Editor.Assistant.dll
[1153/1565  0s] CopyFiles Library/ScriptAssemblies/Unity.VisualScripting.State.Editor.dll
[1154/1565  0s] CopyFiles Library/ScriptAssemblies/Unity.PlasticSCM.Editor.Assistant.pdb
[1155/1565  0s] CopyFiles Library/ScriptAssemblies/Unity.VisualScripting.State.Editor.pdb
[1156/1565  0s] CopyFiles Library/ScriptAssemblies/Unity.AI.Navigation.Editor.pdb
[1157/1565  0s] CopyFiles Library/ScriptAssemblies/Unity.InternalAPIEngineBridge.RenderPipelines.Core.Editor.dll
[1158/1565  0s] CopyFiles Library/ScriptAssemblies/Unity.AI.Navigation.Editor.dll
[1159/1565  0s] CopyFiles Library/ScriptAssemblies/Unity.InternalAPIEngineBridge.RenderPipelines.Core.Editor.pdb
[1160/1565  0s] CopyFiles Library/ScriptAssemblies/Unity.PathTracing.Editor.pdb
[1161/1565  0s] CopyFiles Library/ScriptAssemblies/Unity.SurfaceCache.Runtime.pdb
[1162/1565  0s] CopyFiles Library/ScriptAssemblies/Unity.PathTracing.Editor.dll
[1163/1565  0s] CopyFiles Library/ScriptAssemblies/Unity.VisualScripting.Core.Editor.pdb
[1164/1565  0s] CopyFiles Library/ScriptAssemblies/Unity.EditorCoroutines.Editor.dll
[1165/1565  0s] CopyFiles Library/ScriptAssemblies/Unity.VisualScripting.Core.Editor.dll
[1167/1565  0s] CopyFiles Library/ScriptAssemblies/Unity.EditorCoroutines.Editor.pdb
[1169/1565  0s] CopyFiles Library/ScriptAssemblies/Unity.RenderPipelines.Core.Runtime.pdb
[1170/1565  0s] CopyFiles Library/ScriptAssemblies/Unity.RenderPipeline.Universal.ShaderLibrary.pdb
[1171/1565  0s] CopyFiles Library/ScriptAssemblies/Unity.PathTracing.Runtime.pdb
[1172/1565  0s] CopyFiles Library/ScriptAssemblies/Unity.Collections.pdb
[1173/1565  0s] CopyFiles Library/ScriptAssemblies/Unity.GraphAuthoring.Editor.pdb
[1174/1565  0s] CopyFiles Library/ScriptAssemblies/Unity.GraphAuthoring.Editor.dll
[1175/1565  0s] CopyFiles Library/ScriptAssemblies/Unity.InternalAPIEditorBridge.ShaderGraph.Editor.pdb
[1176/1565  0s] CopyFiles Library/ScriptAssemblies/Unity.InternalAPIEditorBridge.ShaderGraph.Editor.dll
[1177/1565  0s] CopyFiles Library/ScriptAssemblies/Unity.RenderPipelines.Universal.Config.Runtime.pdb
[1178/1565  0s] CopyFiles Library/ScriptAssemblies/Unity.ShaderGraph.Utilities.pdb
[1179/1565  0s] CopyFiles Library/ScriptAssemblies/Unity.ShaderGraph.Utilities.dll
[1181/1565  0s] CopyFiles Library/ScriptAssemblies/Unity.RenderPipelines.Core.Runtime.Shared.pdb
[1183/1565  0s] CopyFiles Library/ScriptAssemblies/Unity.XR.Interaction.Toolkit.Analytics.Editor.dll
[1184/1565  0s] CopyFiles Library/ScriptAssemblies/Unity.XR.Interaction.Toolkit.Analytics.Editor.pdb
[1185/1565  0s] CopyFiles Library/ScriptAssemblies/Unity.Timeline.Editor.pdb
[1186/1565  0s] CopyFiles Library/ScriptAssemblies/UnityEditor.UI.dll
[1187/1565  0s] CopyFiles Library/ScriptAssemblies/UnityEditor.UI.pdb
[1188/1565  0s] CopyFiles Library/ScriptAssemblies/Unity.Timeline.Editor.dll
[1189/1565  0s] CopyFiles Library/ScriptAssemblies/Unity.VisualScripting.Shared.Editor.pdb
[1190/1565  0s] CopyFiles Library/ScriptAssemblies/Unity.VisualScripting.Shared.Editor.dll
[1191/1565  0s] CopyFiles Library/ScriptAssemblies/Unity.Rendering.LightTransport.Editor.pdb
[1192/1565  0s] CopyFiles Library/ScriptAssemblies/Unity.Rendering.LightTransport.Editor.dll
[1193/1565  0s] CopyFiles Library/ScriptAssemblies/Unity.AI.Navigation.Editor.ConversionSystem.dll
[1194/1565  0s] CopyFiles Library/ScriptAssemblies/Unity.AI.Navigation.Editor.ConversionSystem.pdb
[1195/1565  0s] CopyFiles Library/ScriptAssemblies/Unity.PlasticSCM.Editor.Entities.dll
[1196/1565  0s] CopyFiles Library/ScriptAssemblies/Unity.PlasticSCM.Editor.Entities.pdb
[1197/1565  0s] CopyFiles Library/ScriptAssemblies/Unity.XR.CoreUtils.Editor.dll
[1198/1565  0s] CopyFiles Library/ScriptAssemblies/Unity.XR.CoreUtils.Editor.pdb
[1199/1565  0s] CopyFiles Library/ScriptAssemblies/Unity.VisualScripting.SettingsProvider.Editor.dll
[1201/1565  0s] CopyFiles Library/ScriptAssemblies/Unity.VisualScripting.SettingsProvider.Editor.pdb
[1202/1565  0s] CopyFiles Library/ScriptAssemblies/Unity.VisualScripting.Flow.Editor.pdb
[1203/1565  0s] CopyFiles Library/ScriptAssemblies/Unity.Collections.Editor.pdb
[1205/1565  0s] CopyFiles Library/ScriptAssemblies/Unity.Collections.Editor.dll
[1206/1565  0s] CopyFiles Library/ScriptAssemblies/Unity.VisualScripting.Flow.Editor.dll
[1211/1565  0s] CopyFiles Library/ScriptAssemblies/Unity.CollabProxy.Editor.dll
[1212/1565  0s] CopyFiles Library/ScriptAssemblies/Unity.CollabProxy.Editor.pdb
[1213/1565  0s] CopyFiles Library/ScriptAssemblies/Unity.Collections.Tests.CoreCLR.ProtectedJobNested.pdb
[1215/1565  0s] CopyFiles Library/ScriptAssemblies/Unity.AI.Navigation.pdb
[1216/1565  0s] CopyFiles Library/ScriptAssemblies/Unity.InternalAPIEngineBridge.RenderPipelines.Core.Runtime.Shared.pdb
[1218/1565  0s] CopyFiles Library/ScriptAssemblies/Unity.RenderPipelines.Universal.Shaders.pdb
[1219/1565  0s] CopyFiles Library/ScriptAssemblies/Unity.RenderPipelines.ShaderGraph.ShaderGraphLibrary.pdb
[1220/1565  0s] CopyFiles Library/ScriptAssemblies/Unity.VisualScripting.Flow.pdb
[1221/1565  0s] CopyFiles Library/ScriptAssemblies/Unity.Mathematics.pdb
[1222/1565  0s] CopyFiles Library/ScriptAssemblies/Unity.Burst.pdb
[1223/1565  0s] CopyFiles Library/ScriptAssemblies/Unity.InternalAPIEngineBridge.ObjectDispatcher.Runtime.pdb
[1224/1565  0s] CopyFiles Library/ScriptAssemblies/Unity.Timeline.pdb
[1225/1565  0s] CopyFiles Library/ScriptAssemblies/Unity.VisualScripting.Core.pdb
[1226/1565  0s] CopyFiles Library/ScriptAssemblies/Unity.TextMeshPro.pdb
[1227/1565  0s] CopyFiles Library/ScriptAssemblies/UnityEngine.UI.pdb
[1229/1565  0s] CopyFiles Library/ScriptAssemblies/Unity.InternalAPIEngineBridge.004.pdb
[1230/1565  0s] CopyFiles Library/ScriptAssemblies/Unity.Profiling.Core.pdb
[1231/1565  0s] CopyFiles Library/ScriptAssemblies/Unity.Collections.Tests.CoreCLR.InternalJobNestedPrivate.pdb
[1232/1565  0s] CopyFiles Library/ScriptAssemblies/Unity.UnifiedRayTracing.Runtime.pdb
[1233/1565  0s] CopyFiles Library/ScriptAssemblies/Unity.Collections.Tests.CoreCLR.PrivateJobNested.pdb
[1234/1565  0s] CopyFiles Library/ScriptAssemblies/UnityEditor.UI.Analytics.pdb
[1235/1565  0s] CopyFiles Library/ScriptAssemblies/UnityEditor.UI.Analytics.dll
[1236/1565  0s] CopyFiles Library/ScriptAssemblies/Unity.Collections.Tests.CoreCLR.PublicJobPrivateGeneric.pdb
[1237/1565  0s] CopyFiles Library/ScriptAssemblies/Unity.VisualScripting.State.pdb
[1238/1565  0s] CopyFiles Library/ScriptAssemblies/Unity.XR.CoreUtils.pdb
[1239/1565  0s] CopyFiles Library/ScriptAssemblies/Unity.AI.Navigation.Updater.dll
[1240/1565  0s] CopyFiles Library/ScriptAssemblies/Unity.VisualScripting.DocCodeExamples.pdb
[1241/1565  0s] CopyFiles Library/ScriptAssemblies/Unity.AI.Navigation.Updater.pdb
[1242/1565  0s] CopyFiles Library/ScriptAssemblies/Unity.XR.Management.pdb
[1243/1565  0s] CopyFiles Library/ScriptAssemblies/Unity.RenderPipelines.Core.ShaderLibrary.pdb
[1244/1565  0s] ILPostProcess Library/Bee/artifacts/1300b0aE.dag/post-processed/Unity.XR.Management.Editor.dll (+pdb)
Processing assembly Library/Bee/artifacts/1300b0aE.dag/Unity.XR.Management.Editor.dll, with 160 defines and 320 references

processors: Unity.Jobs.CodeGen.JobsILPostProcessor, zzzUnity.Burst.CodeGen.BurstILPostProcessor

1 processor(s) skipped this assembly

running Unity.Jobs.CodeGen.JobsILPostProcessor
[1245/1565  2s] ILPostProcess Library/Bee/artifacts/1300b0aE.dag/post-processed/Unity.PlasticSCM.Editor.dll (+pdb)
Processing assembly Library/Bee/artifacts/1300b0aE.dag/Unity.PlasticSCM.Editor.dll, with 159 defines and 307 references

processors: Unity.Jobs.CodeGen.JobsILPostProcessor, zzzUnity.Burst.CodeGen.BurstILPostProcessor

1 processor(s) skipped this assembly

running Unity.Jobs.CodeGen.JobsILPostProcessor
[1246/1565  0s] CopyFiles Library/ScriptAssemblies/Unity.XR.Management.Editor.pdb
[1247/1565  0s] CopyFiles Library/ScriptAssemblies/Unity.XR.Management.Editor.dll
[1248/1565  0s] ILPostProcess Library/Bee/artifacts/1300b0aE.dag/post-processed/Unity.PerformanceTesting.Editor.dll (+pdb)
Processing assembly Library/Bee/artifacts/1300b0aE.dag/Unity.PerformanceTesting.Editor.dll, with 159 defines and 304 references

processors: Unity.Jobs.CodeGen.JobsILPostProcessor, zzzUnity.Burst.CodeGen.BurstILPostProcessor

1 processor(s) skipped this assembly

running Unity.Jobs.CodeGen.JobsILPostProcessor
[1249/1565  0s] ILPostProcess Library/Bee/artifacts/1300b0aE.dag/post-processed/Unity.TextMeshPro.Editor.dll (+pdb)
Processing assembly Library/Bee/artifacts/1300b0aE.dag/Unity.TextMeshPro.Editor.dll, with 158 defines and 319 references

processors: Unity.Jobs.CodeGen.JobsILPostProcessor, zzzUnity.Burst.CodeGen.BurstILPostProcessor

1 processor(s) skipped this assembly

running Unity.Jobs.CodeGen.JobsILPostProcessor
[1250/1565  0s] CopyFiles Library/ScriptAssemblies/Unity.PlasticSCM.Editor.pdb
[1251/1565  0s] CopyFiles Library/ScriptAssemblies/Unity.PlasticSCM.Editor.dll
[1252/1565  0s] CopyFiles Library/ScriptAssemblies/Unity.TextMeshPro.Editor.pdb
[1253/1565  0s] CopyFiles Library/ScriptAssemblies/Unity.TextMeshPro.Editor.dll
[1256/1565  1s] ILPostProcess Library/Bee/artifacts/1300b0aE.dag/post-processed/Unity.RenderPipelines.GPUDriven.Runtime.dll (+pdb)
Processing assembly Library/Bee/artifacts/1300b0aE.dag/Unity.RenderPipelines.GPUDriven.Runtime.dll, with 161 defines and 310 references

processors: Unity.Jobs.CodeGen.JobsILPostProcessor, zzzUnity.Burst.CodeGen.BurstILPostProcessor

running Unity.Jobs.CodeGen.JobsILPostProcessor

running zzzUnity.Burst.CodeGen.BurstILPostProcessor
[1257/1565  0s] CopyFiles Library/ScriptAssemblies/Unity.RenderPipelines.GPUDriven.Runtime.pdb
[1258/1565  0s] CopyFiles Library/ScriptAssemblies/Unity.RenderPipelines.GPUDriven.Runtime.dll
[1259/1565  2s] Csc Library/Bee/artifacts/1300b0aE.dag/Unity.RenderPipelines.Universal.Runtime.dll (+2 others)
[           0s] Csc Library/Bee/artifacts/1300b0aE.dag/Unity.RenderPipelines.Universal.Runtime.dll (+2 others) [CacheWrite 9a7c6c8fb7165424175a4c570c8a7d1e00000000000000000000000000000006]
[           0s] Csc Library/Bee/artifacts/1300b0aE.dag/Unity.RenderPipelines.Universal.2D.Runtime.dll (+2 others) [CacheMiss 7e9fda27d103a4296b4e1d7dec46d0c200000000000000000000000000000006]
[           0s] Csc Library/Bee/artifacts/1300b0aE.dag/Unity.XR.CompositionLayers.dll (+2 others) [CacheMiss b10bd0484ace6ec4127cd2c52744a33b00000000000000000000000000000006]
[1266/1565  2s] Csc Library/Bee/artifacts/1300b0aE.dag/Unity.RenderPipelines.Core.Editor.dll (+2 others)
[           0s] Csc Library/Bee/artifacts/1300b0aE.dag/Unity.RenderPipelines.Core.Editor.dll (+2 others) [CacheWrite 9551ff58ae220aa707ea4c4b97fb945900000000000000000000000000000006]
[1267/1565  0s] ILPostProcess Library/Bee/artifacts/1300b0aE.dag/post-processed/UnityEditor.XR.LegacyInputHelpers.dll (+pdb)
Processing assembly Library/Bee/artifacts/1300b0aE.dag/UnityEditor.XR.LegacyInputHelpers.dll, with 162 defines and 321 references

processors: Unity.Jobs.CodeGen.JobsILPostProcessor, zzzUnity.Burst.CodeGen.BurstILPostProcessor

1 processor(s) skipped this assembly

running Unity.Jobs.CodeGen.JobsILPostProcessor
[           0s] Csc Library/Bee/artifacts/1300b0aE.dag/Unity.ShaderGraph.Editor.dll (+2 others) [CacheMiss 359055fa0ff6790868a1176bcfef74ab00000000000000000000000000000006]
[           0s] Csc Library/Bee/artifacts/1300b0aE.dag/Unity.RenderPipelines.Core.Editor.Shared.dll (+2 others) [CacheMiss 6d6d4d2a9e995e3fc57c136cc156fbb700000000000000000000000000000006]
[1273/1565  0s] Csc Library/Bee/artifacts/1300b0aE.dag/Unity.RenderPipelines.Core.Editor.Shared.dll (+2 others)
[           0s] Csc Library/Bee/artifacts/1300b0aE.dag/Unity.RenderPipelines.Core.Editor.Shared.dll (+2 others) [CacheWrite 6d6d4d2a9e995e3fc57c136cc156fbb700000000000000000000000000000006]
[1274/1565  0s] Csc Library/Bee/artifacts/1300b0aE.dag/Unity.XR.CompositionLayers.dll (+2 others)
[           0s] Csc Library/Bee/artifacts/1300b0aE.dag/Unity.XR.CompositionLayers.dll (+2 others) [CacheWrite b10bd0484ace6ec4127cd2c52744a33b00000000000000000000000000000006]
[           0s] Csc Library/Bee/artifacts/1300b0aE.dag/Unity.XR.OpenXR.dll (+2 others) [CacheMiss 99e1cc5fd742cf03a22d05b743cda17700000000000000000000000000000006]
[1278/1565  0s] ILPostProcess Library/Bee/artifacts/1300b0aE.dag/post-processed/Unity.RenderPipelines.Universal.Runtime.dll (+pdb)
Processing assembly Library/Bee/artifacts/1300b0aE.dag/Unity.RenderPipelines.Universal.Runtime.dll, with 168 defines and 316 references

processors: Unity.Jobs.CodeGen.JobsILPostProcessor, zzzUnity.Burst.CodeGen.BurstILPostProcessor

running Unity.Jobs.CodeGen.JobsILPostProcessor

running zzzUnity.Burst.CodeGen.BurstILPostProcessor
[1279/1565  0s] CopyFiles Library/ScriptAssemblies/Unity.RenderPipelines.Universal.Runtime.pdb
[1280/1565  0s] CopyFiles Library/ScriptAssemblies/Unity.RenderPipelines.Universal.Runtime.dll
[1281/1565  0s] ILPostProcess Library/Bee/artifacts/1300b0aE.dag/post-processed/Unity.RenderPipelines.Core.Editor.Shared.dll (+pdb)
Processing assembly Library/Bee/artifacts/1300b0aE.dag/Unity.RenderPipelines.Core.Editor.Shared.dll, with 158 defines and 324 references

processors: Unity.Jobs.CodeGen.JobsILPostProcessor, zzzUnity.Burst.CodeGen.BurstILPostProcessor

1 processor(s) skipped this assembly

running Unity.Jobs.CodeGen.JobsILPostProcessor
[1282/1565  0s] CopyFiles Library/ScriptAssemblies/Unity.RenderPipelines.Core.Editor.Shared.pdb
[1283/1565  0s] CopyFiles Library/ScriptAssemblies/Unity.RenderPipelines.Core.Editor.Shared.dll
[1284/1565  0s] ILPostProcess Library/Bee/artifacts/1300b0aE.dag/post-processed/Unity.XR.CompositionLayers.dll (+pdb)
Processing assembly Library/Bee/artifacts/1300b0aE.dag/Unity.XR.CompositionLayers.dll, with 167 defines and 309 references

processors: Unity.Jobs.CodeGen.JobsILPostProcessor, zzzUnity.Burst.CodeGen.BurstILPostProcessor

1 processor(s) skipped this assembly

running Unity.Jobs.CodeGen.JobsILPostProcessor
[1285/1565  0s] CopyFiles Library/ScriptAssemblies/Unity.XR.CompositionLayers.pdb
[1286/1565  0s] CopyFiles Library/ScriptAssemblies/Unity.XR.CompositionLayers.dll
[1287/1565  0s] ILPostProcess Library/Bee/artifacts/1300b0aE.dag/post-processed/Unity.RenderPipelines.Core.Editor.dll (+pdb)
Processing assembly Library/Bee/artifacts/1300b0aE.dag/Unity.RenderPipelines.Core.Editor.dll, with 162 defines and 326 references

processors: Unity.Jobs.CodeGen.JobsILPostProcessor, zzzUnity.Burst.CodeGen.BurstILPostProcessor

1 processor(s) skipped this assembly

running Unity.Jobs.CodeGen.JobsILPostProcessor
[1288/1565  0s] CopyFiles Library/ScriptAssemblies/Unity.RenderPipelines.Core.Editor.pdb
[1289/1565  0s] CopyFiles Library/ScriptAssemblies/Unity.RenderPipelines.Core.Editor.dll
[1290/1565  0s] Csc Library/Bee/artifacts/1300b0aE.dag/Unity.RenderPipelines.Universal.2D.Runtime.dll (+2 others)
[           0s] Csc Library/Bee/artifacts/1300b0aE.dag/Unity.RenderPipelines.Universal.2D.Runtime.dll (+2 others) [CacheWrite 7e9fda27d103a4296b4e1d7dec46d0c200000000000000000000000000000006]
[1292/1565  0s] ILPostProcess Library/Bee/artifacts/1300b0aE.dag/post-processed/Unity.RenderPipelines.Universal.2D.Runtime.dll (+pdb)
Processing assembly Library/Bee/artifacts/1300b0aE.dag/Unity.RenderPipelines.Universal.2D.Runtime.dll, with 163 defines and 311 references

processors: Unity.Jobs.CodeGen.JobsILPostProcessor, zzzUnity.Burst.CodeGen.BurstILPostProcessor

running Unity.Jobs.CodeGen.JobsILPostProcessor

running zzzUnity.Burst.CodeGen.BurstILPostProcessor
[1293/1565  0s] CopyFiles Library/ScriptAssemblies/Unity.RenderPipelines.Universal.2D.Runtime.dll
[1294/1565  0s] CopyFiles Library/ScriptAssemblies/Unity.RenderPipelines.Universal.2D.Runtime.pdb
[1295/1565  1s] Csc Library/Bee/artifacts/1300b0aE.dag/Unity.XR.OpenXR.dll (+2 others)
[           0s] Csc Library/Bee/artifacts/1300b0aE.dag/Unity.XR.OpenXR.dll (+2 others) [CacheWrite 99e1cc5fd742cf03a22d05b743cda17700000000000000000000000000000006]
[           0s] Csc Library/Bee/artifacts/1300b0aE.dag/Unity.XR.OpenXR.Features.MetaQuestSupport.dll (+2 others) [CacheMiss 27b9cd5726e6dfea6c524b4bb4f2ceb600000000000000000000000000000006]
[           0s] Csc Library/Bee/artifacts/1300b0aE.dag/Unity.XR.ARSubsystems.dll (+2 others) [CacheMiss 1bc1182482cc45a20e5c96cc587990a300000000000000000000000000000006]
[           0s] Csc Library/Bee/artifacts/1300b0aE.dag/Unity.XR.OpenXR.Editor.dll (+2 others) [CacheMiss 070a18fe42d3d68cf8498af0609fbc8400000000000000000000000000000006]
[           0s] Csc Library/Bee/artifacts/1300b0aE.dag/Unity.XR.OpenXR.Features.ConformanceAutomation.dll (+2 others) [CacheMiss cc4e1854f73beba0eae76897044a661e00000000000000000000000000000006]
[1301/1565  0s] ILPostProcess Library/Bee/artifacts/1300b0aE.dag/post-processed/Unity.XR.OpenXR.dll (+pdb)
Processing assembly Library/Bee/artifacts/1300b0aE.dag/Unity.XR.OpenXR.dll, with 170 defines and 310 references

processors: Unity.Jobs.CodeGen.JobsILPostProcessor, zzzUnity.Burst.CodeGen.BurstILPostProcessor

1 processor(s) skipped this assembly

running Unity.Jobs.CodeGen.JobsILPostProcessor
[1302/1565  0s] Csc Library/Bee/artifacts/1300b0aE.dag/Unity.XR.OpenXR.Features.ConformanceAutomation.dll (+2 others)
[1303/1565  0s] CopyFiles Library/ScriptAssemblies/Unity.XR.OpenXR.pdb
[1304/1565  0s] CopyFiles Library/ScriptAssemblies/Unity.XR.OpenXR.dll
[           0s] Csc Library/Bee/artifacts/1300b0aE.dag/Unity.XR.OpenXR.Features.ConformanceAutomation.dll (+2 others) [CacheWrite cc4e1854f73beba0eae76897044a661e00000000000000000000000000000006]
[1306/1565  0s] Csc Library/Bee/artifacts/1300b0aE.dag/Unity.XR.OpenXR.Features.MetaQuestSupport.dll (+2 others)
[1307/1565  0s] ILPostProcess Library/Bee/artifacts/1300b0aE.dag/post-processed/Unity.XR.OpenXR.Features.ConformanceAutomation.dll (+pdb)
Processing assembly Library/Bee/artifacts/1300b0aE.dag/Unity.XR.OpenXR.Features.ConformanceAutomation.dll, with 161 defines and 306 references

processors: Unity.Jobs.CodeGen.JobsILPostProcessor, zzzUnity.Burst.CodeGen.BurstILPostProcessor

1 processor(s) skipped this assembly

running Unity.Jobs.CodeGen.JobsILPostProcessor
[           0s] Csc Library/Bee/artifacts/1300b0aE.dag/Unity.XR.OpenXR.Features.MetaQuestSupport.dll (+2 others) [CacheWrite 27b9cd5726e6dfea6c524b4bb4f2ceb600000000000000000000000000000006]
[           0s] Csc Library/Bee/artifacts/1300b0aE.dag/Unity.XR.OpenXR.Features.OculusQuestSupport.dll (+2 others) [CacheMiss 00c0cc28a4d177b8021c3d25b8b6deeb00000000000000000000000000000006]
[1310/1565  0s] CopyFiles Library/ScriptAssemblies/Unity.XR.OpenXR.Features.ConformanceAutomation.dll
[1311/1565  0s] CopyFiles Library/ScriptAssemblies/Unity.XR.OpenXR.Features.ConformanceAutomation.pdb
[1312/1565  0s] ILPostProcess Library/Bee/artifacts/1300b0aE.dag/post-processed/Unity.XR.OpenXR.Features.MetaQuestSupport.dll (+pdb)
Processing assembly Library/Bee/artifacts/1300b0aE.dag/Unity.XR.OpenXR.Features.MetaQuestSupport.dll, with 161 defines and 307 references

processors: Unity.Jobs.CodeGen.JobsILPostProcessor, zzzUnity.Burst.CodeGen.BurstILPostProcessor

1 processor(s) skipped this assembly

running Unity.Jobs.CodeGen.JobsILPostProcessor
[1313/1565  0s] CopyFiles Library/ScriptAssemblies/Unity.XR.OpenXR.Features.MetaQuestSupport.dll
[1314/1565  0s] CopyFiles Library/ScriptAssemblies/Unity.XR.OpenXR.Features.MetaQuestSupport.pdb
[1315/1565  0s] Csc Library/Bee/artifacts/1300b0aE.dag/Unity.XR.OpenXR.Editor.dll (+2 others)
[           0s] Csc Library/Bee/artifacts/1300b0aE.dag/Unity.XR.OpenXR.Editor.dll (+2 others) [CacheWrite 070a18fe42d3d68cf8498af0609fbc8400000000000000000000000000000006]
[           0s] Csc Library/Bee/artifacts/1300b0aE.dag/Unity.XR.OpenXR.Features.MetaQuestSupport.Editor.dll (+2 others) [CacheMiss 34a0d67260bda2d0470209394ec27c8700000000000000000000000000000006]
[           0s] Csc Library/Bee/artifacts/1300b0aE.dag/Unity.XR.OpenXR.Features.MockRuntime.dll (+2 others) [CacheMiss 9585e47d4aa7bbb3682ef12a17c35a9000000000000000000000000000000006]
[           0s] Csc Library/Bee/artifacts/1300b0aE.dag/Unity.XR.OpenXR.Features.RuntimeDebugger.dll (+2 others) [CacheMiss 0ef44fcaed5ce22030f94afa88b3433600000000000000000000000000000006]
[1320/1565  0s] Csc Library/Bee/artifacts/1300b0aE.dag/Unity.XR.OpenXR.Features.OculusQuestSupport.dll (+2 others)
[           0s] Csc Library/Bee/artifacts/1300b0aE.dag/Unity.XR.OpenXR.Features.OculusQuestSupport.dll (+2 others) [CacheWrite 00c0cc28a4d177b8021c3d25b8b6deeb00000000000000000000000000000006]
[           0s] Csc Library/Bee/artifacts/1300b0aE.dag/Unity.XR.Hands.dll (+2 others) [CacheMiss b93ea89af10578aea480d243d841d61a00000000000000000000000000000006]
[           0s] Csc Library/Bee/artifacts/1300b0aE.dag/Unity.XR.OpenXR.Features.OculusQuestSupport.Editor.dll (+2 others) [CacheMiss 5fe602e90e3fd5a9fdf1e56bfb083d4100000000000000000000000000000006]
[1324/1565  1s] Csc Library/Bee/artifacts/1300b0aE.dag/Unity.XR.ARSubsystems.dll (+2 others)
[           0s] Csc Library/Bee/artifacts/1300b0aE.dag/Unity.XR.ARSubsystems.dll (+2 others) [CacheWrite 1bc1182482cc45a20e5c96cc587990a300000000000000000000000000000006]
[           0s] Csc Library/Bee/artifacts/1300b0aE.dag/Unity.XR.ARSubsystems.Editor.dll (+2 others) [CacheMiss 0313add42b9048b2f1ad4e411bd879a400000000000000000000000000000006]
[           0s] Csc Library/Bee/artifacts/1300b0aE.dag/Unity.XR.ARFoundation.InternalUtils.dll (+2 others) [CacheMiss 025a9c4a91471cc93fde151bc1bf578b00000000000000000000000000000006]
[1328/1565  0s] ILPostProcess Library/Bee/artifacts/1300b0aE.dag/post-processed/Unity.XR.OpenXR.Features.OculusQuestSupport.dll (+pdb)
Processing assembly Library/Bee/artifacts/1300b0aE.dag/Unity.XR.OpenXR.Features.OculusQuestSupport.dll, with 160 defines and 307 references

processors: Unity.Jobs.CodeGen.JobsILPostProcessor, zzzUnity.Burst.CodeGen.BurstILPostProcessor

1 processor(s) skipped this assembly

running Unity.Jobs.CodeGen.JobsILPostProcessor
[1329/1565  0s] Csc Library/Bee/artifacts/1300b0aE.dag/Unity.XR.OpenXR.Features.MetaQuestSupport.Editor.dll (+2 others)
[1330/1565  0s] CopyFiles Library/ScriptAssemblies/Unity.XR.OpenXR.Features.OculusQuestSupport.dll
[1331/1565  0s] CopyFiles Library/ScriptAssemblies/Unity.XR.OpenXR.Features.OculusQuestSupport.pdb
[1332/1565  1s] ILPostProcess Library/Bee/artifacts/1300b0aE.dag/post-processed/Unity.XR.OpenXR.Editor.dll (+pdb)
Processing assembly Library/Bee/artifacts/1300b0aE.dag/Unity.XR.OpenXR.Editor.dll, with 162 defines and 308 references

processors: Unity.Jobs.CodeGen.JobsILPostProcessor, zzzUnity.Burst.CodeGen.BurstILPostProcessor

1 processor(s) skipped this assembly

running Unity.Jobs.CodeGen.JobsILPostProcessor
[1333/1565  0s] Csc Library/Bee/artifacts/1300b0aE.dag/Unity.XR.OpenXR.Features.MockRuntime.dll (+2 others)
[1334/1565  0s] Csc Library/Bee/artifacts/1300b0aE.dag/Unity.XR.OpenXR.Features.RuntimeDebugger.dll (+2 others)
[           0s] Csc Library/Bee/artifacts/1300b0aE.dag/Unity.XR.OpenXR.Features.MetaQuestSupport.Editor.dll (+2 others) [CacheWrite 34a0d67260bda2d0470209394ec27c8700000000000000000000000000000006]
[           0s] Csc Library/Bee/artifacts/1300b0aE.dag/Unity.XR.OpenXR.Features.MockRuntime.dll (+2 others) [CacheWrite 9585e47d4aa7bbb3682ef12a17c35a9000000000000000000000000000000006]
[1336/1565  0s] CopyFiles Library/ScriptAssemblies/Unity.XR.OpenXR.Editor.dll
[1337/1565  0s] CopyFiles Library/ScriptAssemblies/Unity.XR.OpenXR.Editor.pdb
[           0s] Csc Library/Bee/artifacts/1300b0aE.dag/Unity.XR.OpenXR.Features.RuntimeDebugger.dll (+2 others) [CacheWrite 0ef44fcaed5ce22030f94afa88b3433600000000000000000000000000000006]
[           0s] Csc Library/Bee/artifacts/1300b0aE.dag/Unity.XR.OpenXR.TestTooling.dll (+2 others) [CacheMiss 1ad1c39047c8591245357d6b370107ad00000000000000000000000000000006]
[           0s] Csc Library/Bee/artifacts/1300b0aE.dag/Unity.XR.OpenXR.Features.RuntimeDebugger.Editor.dll (+2 others) [CacheMiss 1bd54be6f628b50035d69a1a187ed92700000000000000000000000000000006]
[1342/1565  0s] Csc Library/Bee/artifacts/1300b0aE.dag/Unity.XR.OpenXR.Features.OculusQuestSupport.Editor.dll (+2 others)
[1343/1565  0s] ILPostProcess Library/Bee/artifacts/1300b0aE.dag/post-processed/Unity.XR.OpenXR.Features.MetaQuestSupport.Editor.dll (+pdb)
Processing assembly Library/Bee/artifacts/1300b0aE.dag/Unity.XR.OpenXR.Features.MetaQuestSupport.Editor.dll, with 160 defines and 321 references

processors: Unity.Jobs.CodeGen.JobsILPostProcessor, zzzUnity.Burst.CodeGen.BurstILPostProcessor

1 processor(s) skipped this assembly

running Unity.Jobs.CodeGen.JobsILPostProcessor
[1344/1565  0s] ILPostProcess Library/Bee/artifacts/1300b0aE.dag/post-processed/Unity.XR.OpenXR.Features.MockRuntime.dll (+pdb)
Processing assembly Library/Bee/artifacts/1300b0aE.dag/Unity.XR.OpenXR.Features.MockRuntime.dll, with 161 defines and 294 references

processors: Unity.Jobs.CodeGen.JobsILPostProcessor, zzzUnity.Burst.CodeGen.BurstILPostProcessor

1 processor(s) skipped this assembly

running Unity.Jobs.CodeGen.JobsILPostProcessor
[           0s] Csc Library/Bee/artifacts/1300b0aE.dag/Unity.XR.OpenXR.Features.OculusQuestSupport.Editor.dll (+2 others) [CacheWrite 5fe602e90e3fd5a9fdf1e56bfb083d4100000000000000000000000000000006]
[1345/1565  0s] CopyFiles Library/ScriptAssemblies/Unity.XR.OpenXR.Features.MetaQuestSupport.Editor.dll
[1346/1565  0s] CopyFiles Library/ScriptAssemblies/Unity.XR.OpenXR.Features.MetaQuestSupport.Editor.pdb
[1347/1565  0s] CopyFiles Library/ScriptAssemblies/Unity.XR.OpenXR.Features.MockRuntime.pdb
[1349/1565  0s] CopyFiles Library/ScriptAssemblies/Unity.XR.OpenXR.Features.MockRuntime.dll
[1350/1565  0s] ILPostProcess Library/Bee/artifacts/1300b0aE.dag/post-processed/Unity.XR.OpenXR.Features.RuntimeDebugger.dll (+pdb)
Processing assembly Library/Bee/artifacts/1300b0aE.dag/Unity.XR.OpenXR.Features.RuntimeDebugger.dll, with 161 defines and 293 references

processors: Unity.Jobs.CodeGen.JobsILPostProcessor, zzzUnity.Burst.CodeGen.BurstILPostProcessor

1 processor(s) skipped this assembly

running Unity.Jobs.CodeGen.JobsILPostProcessor
[1351/1565  0s] CopyFiles Library/ScriptAssemblies/Unity.XR.OpenXR.Features.RuntimeDebugger.pdb
[1352/1565  0s] CopyFiles Library/ScriptAssemblies/Unity.XR.OpenXR.Features.RuntimeDebugger.dll
[1353/1565  0s] Csc Library/Bee/artifacts/1300b0aE.dag/Unity.XR.ARFoundation.InternalUtils.dll (+2 others)
[1354/1565  0s] ILPostProcess Library/Bee/artifacts/1300b0aE.dag/post-processed/Unity.XR.ARSubsystems.dll (+pdb)
Processing assembly Library/Bee/artifacts/1300b0aE.dag/Unity.XR.ARSubsystems.dll, with 162 defines and 308 references

processors: Unity.Jobs.CodeGen.JobsILPostProcessor, zzzUnity.Burst.CodeGen.BurstILPostProcessor

1 processor(s) skipped this assembly

running Unity.Jobs.CodeGen.JobsILPostProcessor
[1355/1565  0s] ILPostProcess Library/Bee/artifacts/1300b0aE.dag/post-processed/Unity.XR.OpenXR.Features.OculusQuestSupport.Editor.dll (+pdb)
Processing assembly Library/Bee/artifacts/1300b0aE.dag/Unity.XR.OpenXR.Features.OculusQuestSupport.Editor.dll, with 159 defines and 320 references

processors: Unity.Jobs.CodeGen.JobsILPostProcessor, zzzUnity.Burst.CodeGen.BurstILPostProcessor

1 processor(s) skipped this assembly

running Unity.Jobs.CodeGen.JobsILPostProcessor
[1356/1565  0s] Csc Library/Bee/artifacts/1300b0aE.dag/Unity.XR.ARSubsystems.Editor.dll (+2 others)
[1357/1565  0s] CopyFiles Library/ScriptAssemblies/Unity.XR.ARSubsystems.pdb
[1358/1565  0s] CopyFiles Library/ScriptAssemblies/Unity.XR.ARSubsystems.dll
[1359/1565  0s] CopyFiles Library/ScriptAssemblies/Unity.XR.OpenXR.Features.OculusQuestSupport.Editor.pdb
[1360/1565  0s] CopyFiles Library/ScriptAssemblies/Unity.XR.OpenXR.Features.OculusQuestSupport.Editor.dll
[           0s] Csc Library/Bee/artifacts/1300b0aE.dag/Unity.XR.ARFoundation.InternalUtils.dll (+2 others) [CacheWrite 025a9c4a91471cc93fde151bc1bf578b00000000000000000000000000000006]
[           0s] Csc Library/Bee/artifacts/1300b0aE.dag/Unity.XR.Simulation.dll (+2 others) [CacheMiss 2b845967cc78086ad7bd8a6dff780a7800000000000000000000000000000006]
[           0s] Csc Library/Bee/artifacts/1300b0aE.dag/Unity.XR.ARSubsystems.Editor.dll (+2 others) [CacheWrite 0313add42b9048b2f1ad4e411bd879a400000000000000000000000000000006]
[           0s] Csc Library/Bee/artifacts/1300b0aE.dag/Unity.XR.ARFoundation.InternalUtils.Editor.dll (+2 others) [CacheMiss 63ec5c2729026fea62b8ede0e260cf2000000000000000000000000000000006]
[           0s] Csc Library/Bee/artifacts/1300b0aE.dag/Unity.XR.ARFoundation.dll (+2 others) [CacheMiss 9250ae9d6a2df792eaa43e0383a681b100000000000000000000000000000006]
[1366/1565  0s] Csc Library/Bee/artifacts/1300b0aE.dag/Unity.XR.OpenXR.TestTooling.dll (+2 others)
[           0s] Csc Library/Bee/artifacts/1300b0aE.dag/Unity.XR.OpenXR.TestTooling.dll (+2 others) [CacheWrite 1ad1c39047c8591245357d6b370107ad00000000000000000000000000000006]
[1367/1565  0s] Csc Library/Bee/artifacts/1300b0aE.dag/Unity.XR.OpenXR.Features.RuntimeDebugger.Editor.dll (+2 others)
[1368/1565  0s] ILPostProcess Library/Bee/artifacts/1300b0aE.dag/post-processed/Unity.XR.ARFoundation.InternalUtils.dll (+pdb)
Processing assembly Library/Bee/artifacts/1300b0aE.dag/Unity.XR.ARFoundation.InternalUtils.dll, with 160 defines and 308 references

processors: Unity.Jobs.CodeGen.JobsILPostProcessor, zzzUnity.Burst.CodeGen.BurstILPostProcessor

1 processor(s) skipped this assembly

running Unity.Jobs.CodeGen.JobsILPostProcessor
[           0s] Csc Library/Bee/artifacts/1300b0aE.dag/Unity.XR.OpenXR.Features.RuntimeDebugger.Editor.dll (+2 others) [CacheWrite 1bd54be6f628b50035d69a1a187ed92700000000000000000000000000000006]
[1369/1565  0s] ILPostProcess Library/Bee/artifacts/1300b0aE.dag/post-processed/Unity.XR.ARSubsystems.Editor.dll (+pdb)
Processing assembly Library/Bee/artifacts/1300b0aE.dag/Unity.XR.ARSubsystems.Editor.dll, with 158 defines and 320 references

processors: Unity.Jobs.CodeGen.JobsILPostProcessor, zzzUnity.Burst.CodeGen.BurstILPostProcessor

1 processor(s) skipped this assembly

running Unity.Jobs.CodeGen.JobsILPostProcessor
[1371/1565  0s] CopyFiles Library/ScriptAssemblies/Unity.XR.ARFoundation.InternalUtils.pdb
[1372/1565  0s] CopyFiles Library/ScriptAssemblies/Unity.XR.ARFoundation.InternalUtils.dll
[1373/1565  0s] CopyFiles Library/ScriptAssemblies/Unity.XR.ARSubsystems.Editor.dll
[1374/1565  0s] CopyFiles Library/ScriptAssemblies/Unity.XR.ARSubsystems.Editor.pdb
[1375/1565  0s] Csc Library/Bee/artifacts/1300b0aE.dag/Unity.XR.Hands.dll (+2 others)
[1376/1565  0s] ILPostProcess Library/Bee/artifacts/1300b0aE.dag/post-processed/Unity.XR.OpenXR.TestTooling.dll (+pdb)
Processing assembly Library/Bee/artifacts/1300b0aE.dag/Unity.XR.OpenXR.TestTooling.dll, with 161 defines and 296 references

processors: Unity.Jobs.CodeGen.JobsILPostProcessor, zzzUnity.Burst.CodeGen.BurstILPostProcessor

1 processor(s) skipped this assembly

running Unity.Jobs.CodeGen.JobsILPostProcessor
[           0s] Csc Library/Bee/artifacts/1300b0aE.dag/Unity.XR.Hands.dll (+2 others) [CacheWrite b93ea89af10578aea480d243d841d61a00000000000000000000000000000006]
[1383/1565  0s] CopyFiles Library/ScriptAssemblies/Unity.XR.OpenXR.TestTooling.dll
[1384/1565  0s] CopyFiles Library/ScriptAssemblies/Unity.XR.OpenXR.TestTooling.pdb
[1385/1565  0s] ILPostProcess Library/Bee/artifacts/1300b0aE.dag/post-processed/Unity.XR.OpenXR.Features.RuntimeDebugger.Editor.dll (+pdb)
Processing assembly Library/Bee/artifacts/1300b0aE.dag/Unity.XR.OpenXR.Features.RuntimeDebugger.Editor.dll, with 159 defines and 320 references

processors: Unity.Jobs.CodeGen.JobsILPostProcessor, zzzUnity.Burst.CodeGen.BurstILPostProcessor

1 processor(s) skipped this assembly

running Unity.Jobs.CodeGen.JobsILPostProcessor
[           0s] Csc Library/Bee/artifacts/1300b0aE.dag/Unity.XR.OpenXR.Features.MetaHandMeshData.dll (+2 others) [CacheMiss f319169a127ef55f665a4608a225159000000000000000000000000000000006]
[           0s] Csc Library/Bee/artifacts/1300b0aE.dag/Unity.XR.Hands.Analytics.Editor.dll (+2 others) [CacheMiss af6ab2ebfde256ef7898c96289872a0800000000000000000000000000000006]
[1386/1565  0s] CopyFiles Library/ScriptAssemblies/Unity.XR.OpenXR.Features.RuntimeDebugger.Editor.dll
[1387/1565  0s] CopyFiles Library/ScriptAssemblies/Unity.XR.OpenXR.Features.RuntimeDebugger.Editor.pdb
[1388/1565  0s] ILPostProcess Library/Bee/artifacts/1300b0aE.dag/post-processed/Unity.XR.Hands.Samples.VisualizerSample.dll (+pdb)
Processing assembly Library/Bee/artifacts/1300b0aE.dag/Unity.XR.Hands.Samples.VisualizerSample.dll, with 160 defines and 308 references

processors: Unity.Jobs.CodeGen.JobsILPostProcessor, zzzUnity.Burst.CodeGen.BurstILPostProcessor

1 processor(s) skipped this assembly

running Unity.Jobs.CodeGen.JobsILPostProcessor
[1389/1565  0s] Csc Library/Bee/artifacts/1300b0aE.dag/Unity.XR.ARFoundation.InternalUtils.Editor.dll (+2 others)
[           0s] Csc Library/Bee/artifacts/1300b0aE.dag/Unity.XR.ARFoundation.InternalUtils.Editor.dll (+2 others) [CacheWrite 63ec5c2729026fea62b8ede0e260cf2000000000000000000000000000000006]
[1393/1565  0s] ILPostProcess Library/Bee/artifacts/1300b0aE.dag/post-processed/Unity.XR.Hands.dll (+pdb)
Processing assembly Library/Bee/artifacts/1300b0aE.dag/Unity.XR.Hands.dll, with 165 defines and 313 references

processors: Unity.Jobs.CodeGen.JobsILPostProcessor, zzzUnity.Burst.CodeGen.BurstILPostProcessor

running Unity.Jobs.CodeGen.JobsILPostProcessor

running zzzUnity.Burst.CodeGen.BurstILPostProcessor
[1394/1565  0s] CopyFiles Library/ScriptAssemblies/Unity.XR.Hands.dll
[1395/1565  0s] CopyFiles Library/ScriptAssemblies/Unity.XR.Hands.pdb
[1396/1565  0s] ILPostProcess Library/Bee/artifacts/1300b0aE.dag/post-processed/Unity.XR.ARFoundation.InternalUtils.Editor.dll (+pdb)
Processing assembly Library/Bee/artifacts/1300b0aE.dag/Unity.XR.ARFoundation.InternalUtils.Editor.dll, with 158 defines and 318 references

processors: Unity.Jobs.CodeGen.JobsILPostProcessor, zzzUnity.Burst.CodeGen.BurstILPostProcessor

1 processor(s) skipped this assembly

running Unity.Jobs.CodeGen.JobsILPostProcessor
[1397/1565  0s] Csc Library/Bee/artifacts/1300b0aE.dag/Unity.XR.Hands.Analytics.Editor.dll (+2 others)
[1398/1565  0s] CopyFiles Library/ScriptAssemblies/Unity.XR.ARFoundation.InternalUtils.Editor.pdb
[1399/1565  0s] CopyFiles Library/ScriptAssemblies/Unity.XR.ARFoundation.InternalUtils.Editor.dll
[           0s] Csc Library/Bee/artifacts/1300b0aE.dag/Unity.XR.Hands.Analytics.Editor.dll (+2 others) [CacheWrite af6ab2ebfde256ef7898c96289872a0800000000000000000000000000000006]
[1403/1565  0s] Csc Library/Bee/artifacts/1300b0aE.dag/Unity.XR.OpenXR.Features.MetaHandMeshData.dll (+2 others)
[           0s] Csc Library/Bee/artifacts/1300b0aE.dag/Unity.XR.Hands.Editor.dll (+2 others) [CacheMiss 344edfcb813f013d5775e500aecf7ec900000000000000000000000000000006]
[           0s] Csc Library/Bee/artifacts/1300b0aE.dag/Unity.XR.Hands.Analytics.Hooks.Editor.dll (+2 others) [CacheMiss de117eb1a3ad390ffef13d93e81f0dcb00000000000000000000000000000006]
[           0s] Csc Library/Bee/artifacts/1300b0aE.dag/Unity.XR.OpenXR.Features.MetaHandMeshData.dll (+2 others) [CacheWrite f319169a127ef55f665a4608a225159000000000000000000000000000000006]
[           0s] Csc Library/Bee/artifacts/1300b0aE.dag/Unity.XR.OpenXR.Features.MetaHandMeshData.Editor.dll (+2 others) [CacheMiss 9de09f46a6bd32fd04e94145e791fdea00000000000000000000000000000006]
[1406/1565  0s] ILPostProcess Library/Bee/artifacts/1300b0aE.dag/post-processed/Unity.XR.Hands.Analytics.Editor.dll (+pdb)
Processing assembly Library/Bee/artifacts/1300b0aE.dag/Unity.XR.Hands.Analytics.Editor.dll, with 158 defines and 319 references

processors: Unity.Jobs.CodeGen.JobsILPostProcessor, zzzUnity.Burst.CodeGen.BurstILPostProcessor

1 processor(s) skipped this assembly

running Unity.Jobs.CodeGen.JobsILPostProcessor
[1407/1565  0s] ILPostProcess Library/Bee/artifacts/1300b0aE.dag/post-processed/Unity.XR.OpenXR.Features.MetaHandMeshData.dll (+pdb)
Processing assembly Library/Bee/artifacts/1300b0aE.dag/Unity.XR.OpenXR.Features.MetaHandMeshData.dll, with 161 defines and 307 references

processors: Unity.Jobs.CodeGen.JobsILPostProcessor, zzzUnity.Burst.CodeGen.BurstILPostProcessor

1 processor(s) skipped this assembly

running Unity.Jobs.CodeGen.JobsILPostProcessor
[1408/1565  0s] CopyFiles Library/ScriptAssemblies/Unity.XR.Hands.Analytics.Editor.dll
[1409/1565  0s] CopyFiles Library/ScriptAssemblies/Unity.XR.Hands.Analytics.Editor.pdb
[1410/1565  0s] CopyFiles Library/ScriptAssemblies/Unity.XR.OpenXR.Features.MetaHandMeshData.pdb
[1411/1565  0s] CopyFiles Library/ScriptAssemblies/Unity.XR.OpenXR.Features.MetaHandMeshData.dll
[1412/1565  0s] Csc Library/Bee/artifacts/1300b0aE.dag/Unity.XR.Simulation.dll (+2 others)
[1413/1565  0s] Csc Library/Bee/artifacts/1300b0aE.dag/Unity.XR.OpenXR.Features.MetaHandMeshData.Editor.dll (+2 others)
[           0s] Csc Library/Bee/artifacts/1300b0aE.dag/Unity.XR.Simulation.dll (+2 others) [CacheWrite 2b845967cc78086ad7bd8a6dff780a7800000000000000000000000000000006]
[           0s] Csc Library/Bee/artifacts/1300b0aE.dag/Unity.XR.OpenXR.Features.MetaHandMeshData.Editor.dll (+2 others) [CacheWrite 9de09f46a6bd32fd04e94145e791fdea00000000000000000000000000000006]
[1415/1565  0s] Csc Library/Bee/artifacts/1300b0aE.dag/Unity.XR.Hands.Analytics.Hooks.Editor.dll (+2 others)
[           0s] Csc Library/Bee/artifacts/1300b0aE.dag/Unity.XR.Hands.Analytics.Hooks.Editor.dll (+2 others) [CacheWrite de117eb1a3ad390ffef13d93e81f0dcb00000000000000000000000000000006]
[1418/1565  0s] ILPostProcess Library/Bee/artifacts/1300b0aE.dag/post-processed/Unity.XR.OpenXR.Features.MetaHandMeshData.Editor.dll (+pdb)
Processing assembly Library/Bee/artifacts/1300b0aE.dag/Unity.XR.OpenXR.Features.MetaHandMeshData.Editor.dll, with 158 defines and 323 references

processors: Unity.Jobs.CodeGen.JobsILPostProcessor, zzzUnity.Burst.CodeGen.BurstILPostProcessor

1 processor(s) skipped this assembly

running Unity.Jobs.CodeGen.JobsILPostProcessor
[1419/1565  0s] ILPostProcess Library/Bee/artifacts/1300b0aE.dag/post-processed/Unity.XR.Simulation.dll (+pdb)
Processing assembly Library/Bee/artifacts/1300b0aE.dag/Unity.XR.Simulation.dll, with 162 defines and 313 references

processors: Unity.Jobs.CodeGen.JobsILPostProcessor, zzzUnity.Burst.CodeGen.BurstILPostProcessor

1 processor(s) skipped this assembly

running Unity.Jobs.CodeGen.JobsILPostProcessor
[1420/1565  0s] ILPostProcess Library/Bee/artifacts/1300b0aE.dag/post-processed/Unity.XR.Hands.Analytics.Hooks.Editor.dll (+pdb)
Processing assembly Library/Bee/artifacts/1300b0aE.dag/Unity.XR.Hands.Analytics.Hooks.Editor.dll, with 158 defines and 320 references

processors: Unity.Jobs.CodeGen.JobsILPostProcessor, zzzUnity.Burst.CodeGen.BurstILPostProcessor

1 processor(s) skipped this assembly

running Unity.Jobs.CodeGen.JobsILPostProcessor
[1421/1565  0s] CopyFiles Library/ScriptAssemblies/Unity.XR.OpenXR.Features.MetaHandMeshData.Editor.dll
[1422/1565  0s] CopyFiles Library/ScriptAssemblies/Unity.XR.OpenXR.Features.MetaHandMeshData.Editor.pdb
[1423/1565  0s] CopyFiles Library/ScriptAssemblies/Unity.XR.Simulation.pdb
[1424/1565  0s] CopyFiles Library/ScriptAssemblies/Unity.XR.Simulation.dll
[1425/1565  0s] CopyFiles Library/ScriptAssemblies/Unity.XR.Hands.Analytics.Hooks.Editor.dll
[1426/1565  0s] CopyFiles Library/ScriptAssemblies/Unity.XR.Hands.Analytics.Hooks.Editor.pdb
[1427/1565  0s] Csc Library/Bee/artifacts/1300b0aE.dag/Unity.XR.Hands.Editor.dll (+2 others)
[           0s] Csc Library/Bee/artifacts/1300b0aE.dag/Unity.XR.Hands.Editor.dll (+2 others) [CacheWrite 344edfcb813f013d5775e500aecf7ec900000000000000000000000000000006]
[1429/1565  0s] ILPostProcess Library/Bee/artifacts/1300b0aE.dag/post-processed/Unity.XR.Hands.Editor.dll (+pdb)
Processing assembly Library/Bee/artifacts/1300b0aE.dag/Unity.XR.Hands.Editor.dll, with 159 defines and 324 references

processors: Unity.Jobs.CodeGen.JobsILPostProcessor, zzzUnity.Burst.CodeGen.BurstILPostProcessor

1 processor(s) skipped this assembly

running Unity.Jobs.CodeGen.JobsILPostProcessor
[1430/1565  0s] Csc Library/Bee/artifacts/1300b0aE.dag/Unity.XR.ARFoundation.dll (+2 others)
[1431/1565  0s] CopyFiles Library/ScriptAssemblies/Unity.XR.Hands.Editor.dll
[1432/1565  0s] CopyFiles Library/ScriptAssemblies/Unity.XR.Hands.Editor.pdb
[           0s] Csc Library/Bee/artifacts/1300b0aE.dag/Unity.XR.ARFoundation.dll (+2 others) [CacheWrite 9250ae9d6a2df792eaa43e0383a681b100000000000000000000000000000006]
[           0s] Csc Library/Bee/artifacts/1300b0aE.dag/Unity.XR.Interaction.Toolkit.dll (+2 others) [CacheMiss c4a806d8443e93558381303ba6713e2200000000000000000000000000000006]
[           0s] Csc Library/Bee/artifacts/1300b0aE.dag/Unity.XR.AndroidOpenXR.dll (+2 others) [CacheMiss ae5a6d1ebb0fcd2c2994b9520df8abe300000000000000000000000000000006]
[           0s] Csc Library/Bee/artifacts/1300b0aE.dag/Unity.XR.ARFoundation.VisualScripting.dll (+2 others) [CacheMiss 93d67b7afa4dc785acbca8460fc3664600000000000000000000000000000006]
[           0s] Csc Library/Bee/artifacts/1300b0aE.dag/Unity.XR.ARFoundation.Editor.dll (+2 others) [CacheMiss 3ce0982a3ce0f83b10540a632817362600000000000000000000000000000006]
[1438/1565  0s] ILPostProcess Library/Bee/artifacts/1300b0aE.dag/post-processed/Unity.XR.ARFoundation.dll (+pdb)
Processing assembly Library/Bee/artifacts/1300b0aE.dag/Unity.XR.ARFoundation.dll, with 165 defines and 313 references

processors: Unity.Jobs.CodeGen.JobsILPostProcessor, zzzUnity.Burst.CodeGen.BurstILPostProcessor

1 processor(s) skipped this assembly

running Unity.Jobs.CodeGen.JobsILPostProcessor
[1439/1565  0s] CopyFiles Library/ScriptAssemblies/Unity.XR.ARFoundation.dll
[1440/1565  0s] CopyFiles Library/ScriptAssemblies/Unity.XR.ARFoundation.pdb
[1441/1565  4s] Csc Library/Bee/artifacts/1300b0aE.dag/Unity.ShaderGraph.Editor.dll (+2 others)
[           0s] Csc Library/Bee/artifacts/1300b0aE.dag/Unity.ShaderGraph.Editor.dll (+2 others) [CacheWrite 359055fa0ff6790868a1176bcfef74ab00000000000000000000000000000006]
[           0s] Csc Library/Bee/artifacts/1300b0aE.dag/Unity.RenderPipelines.Universal.Editor.dll (+2 others) [CacheMiss 6301262ea371a15948f803fefc4d580700000000000000000000000000000006]
[           0s] Csc Library/Bee/artifacts/1300b0aE.dag/Unity.RenderPipelines.Universal.2D.Editor.Overrides.dll (+2 others) [CacheMiss 12d7bee40b834dc8359e12ed46f4789700000000000000000000000000000006]
[1445/1565  0s] Csc Library/Bee/artifacts/1300b0aE.dag/Unity.XR.ARFoundation.Editor.dll (+2 others)
[           0s] Csc Library/Bee/artifacts/1300b0aE.dag/Unity.XR.ARFoundation.Editor.dll (+2 others) [CacheWrite 3ce0982a3ce0f83b10540a632817362600000000000000000000000000000006]
[1447/1565  0s] Csc Library/Bee/artifacts/1300b0aE.dag/Unity.RenderPipelines.Universal.2D.Editor.Overrides.dll (+2 others)
[           0s] Csc Library/Bee/artifacts/1300b0aE.dag/Unity.RenderPipelines.Universal.2D.Editor.Overrides.dll (+2 others) [CacheWrite 12d7bee40b834dc8359e12ed46f4789700000000000000000000000000000006]
[1449/1565  0s] Csc Library/Bee/artifacts/1300b0aE.dag/Unity.XR.ARFoundation.VisualScripting.dll (+2 others)
[1450/1565  0s] ILPostProcess Library/Bee/artifacts/1300b0aE.dag/post-processed/Unity.XR.ARFoundation.Editor.dll (+pdb)
Processing assembly Library/Bee/artifacts/1300b0aE.dag/Unity.XR.ARFoundation.Editor.dll, with 159 defines and 327 references

processors: Unity.Jobs.CodeGen.JobsILPostProcessor, zzzUnity.Burst.CodeGen.BurstILPostProcessor

1 processor(s) skipped this assembly

running Unity.Jobs.CodeGen.JobsILPostProcessor
[           0s] Csc Library/Bee/artifacts/1300b0aE.dag/Unity.XR.ARFoundation.VisualScripting.dll (+2 others) [CacheWrite 93d67b7afa4dc785acbca8460fc3664600000000000000000000000000000006]
[1451/1565  0s] CopyFiles Library/ScriptAssemblies/Unity.XR.ARFoundation.Editor.pdb
[1452/1565  0s] CopyFiles Library/ScriptAssemblies/Unity.XR.ARFoundation.Editor.dll
[1455/1565  0s] ILPostProcess Library/Bee/artifacts/1300b0aE.dag/post-processed/Unity.RenderPipelines.Universal.2D.Editor.Overrides.dll (+pdb)
Processing assembly Library/Bee/artifacts/1300b0aE.dag/Unity.RenderPipelines.Universal.2D.Editor.Overrides.dll, with 160 defines and 327 references

processors: Unity.Jobs.CodeGen.JobsILPostProcessor, zzzUnity.Burst.CodeGen.BurstILPostProcessor

1 processor(s) skipped this assembly

running Unity.Jobs.CodeGen.JobsILPostProcessor
[           0s] Csc Library/Bee/artifacts/1300b0aE.dag/Unity.XR.ARFoundation.VisualScripting.Editor.dll (+2 others) [CacheMiss b48f6b69940bcea18c32e6ea3ac401cf00000000000000000000000000000006]
[1456/1565  0s] CopyFiles Library/ScriptAssemblies/Unity.RenderPipelines.Universal.2D.Editor.Overrides.dll
[1457/1565  0s] CopyFiles Library/ScriptAssemblies/Unity.RenderPipelines.Universal.2D.Editor.Overrides.pdb
[1458/1565  0s] Csc Library/Bee/artifacts/1300b0aE.dag/Unity.XR.AndroidOpenXR.dll (+2 others)
[           0s] Csc Library/Bee/artifacts/1300b0aE.dag/Unity.XR.AndroidOpenXR.dll (+2 others) [CacheWrite ae5a6d1ebb0fcd2c2994b9520df8abe300000000000000000000000000000006]
[1459/1565  0s] ILPostProcess Library/Bee/artifacts/1300b0aE.dag/post-processed/Unity.XR.ARFoundation.VisualScripting.dll (+pdb)
Processing assembly Library/Bee/artifacts/1300b0aE.dag/Unity.XR.ARFoundation.VisualScripting.dll, with 161 defines and 310 references

processors: Unity.Jobs.CodeGen.JobsILPostProcessor, zzzUnity.Burst.CodeGen.BurstILPostProcessor

1 processor(s) skipped this assembly

running Unity.Jobs.CodeGen.JobsILPostProcessor
[           0s] Csc Library/Bee/artifacts/1300b0aE.dag/Unity.XR.AndroidOpenXR.Editor.dll (+2 others) [CacheMiss d9284af67c2c603a88484eb80730981000000000000000000000000000000006]
[1462/1565  0s] CopyFiles Library/ScriptAssemblies/Unity.XR.ARFoundation.VisualScripting.pdb
[1463/1565  0s] CopyFiles Library/ScriptAssemblies/Unity.XR.ARFoundation.VisualScripting.dll
[1464/1565  0s] ILPostProcess Library/Bee/artifacts/1300b0aE.dag/post-processed/Unity.XR.AndroidOpenXR.dll (+pdb)
Processing assembly Library/Bee/artifacts/1300b0aE.dag/Unity.XR.AndroidOpenXR.dll, with 163 defines and 314 references

processors: Unity.Jobs.CodeGen.JobsILPostProcessor, zzzUnity.Burst.CodeGen.BurstILPostProcessor

1 processor(s) skipped this assembly

running Unity.Jobs.CodeGen.JobsILPostProcessor
[1465/1565  0s] CopyFiles Library/ScriptAssemblies/Unity.XR.AndroidOpenXR.dll
[1466/1565  0s] CopyFiles Library/ScriptAssemblies/Unity.XR.AndroidOpenXR.pdb
[1467/1565  0s] ILPostProcess Library/Bee/artifacts/1300b0aE.dag/post-processed/Unity.ShaderGraph.Editor.dll (+pdb)
Processing assembly Library/Bee/artifacts/1300b0aE.dag/Unity.ShaderGraph.Editor.dll, with 158 defines and 323 references

processors: Unity.Jobs.CodeGen.JobsILPostProcessor, zzzUnity.Burst.CodeGen.BurstILPostProcessor

1 processor(s) skipped this assembly

running Unity.Jobs.CodeGen.JobsILPostProcessor
[1468/1565  0s] CopyFiles Library/ScriptAssemblies/Unity.ShaderGraph.Editor.pdb
[1469/1565  0s] CopyFiles Library/ScriptAssemblies/Unity.ShaderGraph.Editor.dll
[1470/1565  0s] Csc Library/Bee/artifacts/1300b0aE.dag/Unity.XR.AndroidOpenXR.Editor.dll (+2 others)
[           0s] Csc Library/Bee/artifacts/1300b0aE.dag/Unity.XR.AndroidOpenXR.Editor.dll (+2 others) [CacheWrite d9284af67c2c603a88484eb80730981000000000000000000000000000000006]
[1472/1565  0s] Csc Library/Bee/artifacts/1300b0aE.dag/Unity.XR.ARFoundation.VisualScripting.Editor.dll (+2 others)
[           0s] Csc Library/Bee/artifacts/1300b0aE.dag/Unity.XR.ARFoundation.VisualScripting.Editor.dll (+2 others) [CacheWrite b48f6b69940bcea18c32e6ea3ac401cf00000000000000000000000000000006]
[1474/1565  0s] ILPostProcess Library/Bee/artifacts/1300b0aE.dag/post-processed/Unity.XR.AndroidOpenXR.Editor.dll (+pdb)
Processing assembly Library/Bee/artifacts/1300b0aE.dag/Unity.XR.AndroidOpenXR.Editor.dll, with 161 defines and 325 references

processors: Unity.Jobs.CodeGen.JobsILPostProcessor, zzzUnity.Burst.CodeGen.BurstILPostProcessor

1 processor(s) skipped this assembly

running Unity.Jobs.CodeGen.JobsILPostProcessor
[1475/1565  0s] CopyFiles Library/ScriptAssemblies/Unity.XR.AndroidOpenXR.Editor.pdb
[1476/1565  0s] CopyFiles Library/ScriptAssemblies/Unity.XR.AndroidOpenXR.Editor.dll
[1477/1565  0s] ILPostProcess Library/Bee/artifacts/1300b0aE.dag/post-processed/Unity.XR.ARFoundation.VisualScripting.Editor.dll (+pdb)
Processing assembly Library/Bee/artifacts/1300b0aE.dag/Unity.XR.ARFoundation.VisualScripting.Editor.dll, with 159 defines and 324 references

processors: Unity.Jobs.CodeGen.JobsILPostProcessor, zzzUnity.Burst.CodeGen.BurstILPostProcessor

1 processor(s) skipped this assembly

running Unity.Jobs.CodeGen.JobsILPostProcessor
[1478/1565  0s] CopyFiles Library/ScriptAssemblies/Unity.XR.ARFoundation.VisualScripting.Editor.pdb
[1479/1565  0s] CopyFiles Library/ScriptAssemblies/Unity.XR.ARFoundation.VisualScripting.Editor.dll
[1480/1565  2s] Csc Library/Bee/artifacts/1300b0aE.dag/Unity.RenderPipelines.Universal.Editor.dll (+2 others)
[           0s] Csc Library/Bee/artifacts/1300b0aE.dag/Unity.RenderPipelines.Universal.Editor.dll (+2 others) [CacheWrite 6301262ea371a15948f803fefc4d580700000000000000000000000000000006]
[           0s] Csc Library/Bee/artifacts/1300b0aE.dag/Unity.XR.Simulation.Editor.dll (+2 others) [CacheMiss 5cc9c57b813d2ae82a0173c058188b5200000000000000000000000000000006]
[1483/1565  0s] ILPostProcess Library/Bee/artifacts/1300b0aE.dag/post-processed/Unity.RenderPipelines.Universal.Editor.dll (+pdb)
Processing assembly Library/Bee/artifacts/1300b0aE.dag/Unity.RenderPipelines.Universal.Editor.dll, with 163 defines and 331 references

processors: Unity.Jobs.CodeGen.JobsILPostProcessor, zzzUnity.Burst.CodeGen.BurstILPostProcessor

1 processor(s) skipped this assembly

running Unity.Jobs.CodeGen.JobsILPostProcessor
[1484/1565  0s] CopyFiles Library/ScriptAssemblies/Unity.RenderPipelines.Universal.Editor.pdb
[1485/1565  0s] CopyFiles Library/ScriptAssemblies/Unity.RenderPipelines.Universal.Editor.dll
[1486/1565  0s] Csc Library/Bee/artifacts/1300b0aE.dag/Unity.XR.Simulation.Editor.dll (+2 others)
[           0s] Csc Library/Bee/artifacts/1300b0aE.dag/Unity.XR.Simulation.Editor.dll (+2 others) [CacheWrite 5cc9c57b813d2ae82a0173c058188b5200000000000000000000000000000006]
[1488/1565  0s] ILPostProcess Library/Bee/artifacts/1300b0aE.dag/post-processed/Unity.XR.Simulation.Editor.dll (+pdb)
Processing assembly Library/Bee/artifacts/1300b0aE.dag/Unity.XR.Simulation.Editor.dll, with 159 defines and 326 references

processors: Unity.Jobs.CodeGen.JobsILPostProcessor, zzzUnity.Burst.CodeGen.BurstILPostProcessor

1 processor(s) skipped this assembly

running Unity.Jobs.CodeGen.JobsILPostProcessor
[1489/1565  0s] CopyFiles Library/ScriptAssemblies/Unity.XR.Simulation.Editor.pdb
[1490/1565  0s] CopyFiles Library/ScriptAssemblies/Unity.XR.Simulation.Editor.dll
[1491/1565  3s] Csc Library/Bee/artifacts/1300b0aE.dag/Unity.XR.Interaction.Toolkit.dll (+2 others)
[           0s] Csc Library/Bee/artifacts/1300b0aE.dag/Unity.XR.Interaction.Toolkit.dll (+2 others) [CacheWrite c4a806d8443e93558381303ba6713e2200000000000000000000000000000006]
[           0s] Csc Library/Bee/artifacts/1300b0aE.dag/Unity.XR.CompositionLayers.UIInteraction.dll (+2 others) [CacheMiss 1b49a2de5a06e0cb00d57d337d22ef0900000000000000000000000000000006]
[           0s] Csc Library/Bee/artifacts/1300b0aE.dag/Unity.XR.Interaction.Toolkit.CodeSamples.Tests.dll (+2 others) [CacheMiss b411e29eea254c9f368c73425f4c635900000000000000000000000000000006]
[           0s] Csc Library/Bee/artifacts/1300b0aE.dag/Unity.XR.Interaction.Toolkit.Editor.dll (+2 others) [CacheMiss 0c0f995973b6266ea5d031070e2a005d00000000000000000000000000000006]
[1502/1565  0s] ILPostProcess Library/Bee/artifacts/1300b0aE.dag/post-processed/Unity.XR.Interaction.Toolkit.Samples.StarterAssets.dll (+pdb)
Processing assembly Library/Bee/artifacts/1300b0aE.dag/Unity.XR.Interaction.Toolkit.Samples.StarterAssets.dll, with 161 defines and 310 references

processors: Unity.Jobs.CodeGen.JobsILPostProcessor, zzzUnity.Burst.CodeGen.BurstILPostProcessor

1 processor(s) skipped this assembly

running Unity.Jobs.CodeGen.JobsILPostProcessor
[1503/1565  0s] ILPostProcess Library/Bee/artifacts/1300b0aE.dag/post-processed/Unity.XR.Interaction.Toolkit.Samples.Hands.dll (+pdb)
Processing assembly Library/Bee/artifacts/1300b0aE.dag/Unity.XR.Interaction.Toolkit.Samples.Hands.dll, with 163 defines and 310 references

processors: Unity.Jobs.CodeGen.JobsILPostProcessor, zzzUnity.Burst.CodeGen.BurstILPostProcessor

1 processor(s) skipped this assembly

running Unity.Jobs.CodeGen.JobsILPostProcessor
[1508/1565  0s] Csc Library/Bee/artifacts/1300b0aE.dag/Unity.XR.Interaction.Toolkit.CodeSamples.Tests.dll (+2 others)
[           0s] Csc Library/Bee/artifacts/1300b0aE.dag/Unity.XR.Interaction.Toolkit.CodeSamples.Tests.dll (+2 others) [CacheWrite b411e29eea254c9f368c73425f4c635900000000000000000000000000000006]
[1509/1565  0s] ILPostProcess Library/Bee/artifacts/1300b0aE.dag/post-processed/Unity.XR.Interaction.Toolkit.CodeSamples.Tests.dll (+pdb)
Processing assembly Library/Bee/artifacts/1300b0aE.dag/Unity.XR.Interaction.Toolkit.CodeSamples.Tests.dll, with 158 defines and 304 references

processors: Unity.Jobs.CodeGen.JobsILPostProcessor, zzzUnity.Burst.CodeGen.BurstILPostProcessor

1 processor(s) skipped this assembly

running Unity.Jobs.CodeGen.JobsILPostProcessor
[1510/1565  0s] Csc Library/Bee/artifacts/1300b0aE.dag/Unity.XR.CompositionLayers.UIInteraction.dll (+2 others)
[1511/1565  0s] CopyFiles Library/ScriptAssemblies/Unity.XR.Interaction.Toolkit.CodeSamples.Tests.dll
[1512/1565  0s] CopyFiles Library/ScriptAssemblies/Unity.XR.Interaction.Toolkit.CodeSamples.Tests.pdb
[           0s] Csc Library/Bee/artifacts/1300b0aE.dag/Unity.XR.CompositionLayers.UIInteraction.dll (+2 others) [CacheWrite 1b49a2de5a06e0cb00d57d337d22ef0900000000000000000000000000000006]
[           0s] Csc Library/Bee/artifacts/1300b0aE.dag/Unity.XR.CompositionLayers.UIInteraction.Editor.dll (+2 others) [CacheMiss d1aa15874a841025a32450dd59ebb9e000000000000000000000000000000006]
[           0s] Csc Library/Bee/artifacts/1300b0aE.dag/Unity.XR.CompositionLayers.Editor.dll (+2 others) [CacheMiss a50a6f6aa6985fdc2d4d6adbfc0a134c00000000000000000000000000000006]
[1516/1565  0s] ILPostProcess Library/Bee/artifacts/1300b0aE.dag/post-processed/Unity.XR.CompositionLayers.UIInteraction.dll (+pdb)
Processing assembly Library/Bee/artifacts/1300b0aE.dag/Unity.XR.CompositionLayers.UIInteraction.dll, with 163 defines and 309 references

processors: Unity.Jobs.CodeGen.JobsILPostProcessor, zzzUnity.Burst.CodeGen.BurstILPostProcessor

1 processor(s) skipped this assembly

running Unity.Jobs.CodeGen.JobsILPostProcessor
[1517/1565  0s] CopyFiles Library/ScriptAssemblies/Unity.XR.CompositionLayers.UIInteraction.dll
[1518/1565  0s] CopyFiles Library/ScriptAssemblies/Unity.XR.CompositionLayers.UIInteraction.pdb
[1519/1565  0s] Csc Library/Bee/artifacts/1300b0aE.dag/Unity.XR.CompositionLayers.UIInteraction.Editor.dll (+2 others)
[           0s] Csc Library/Bee/artifacts/1300b0aE.dag/Unity.XR.CompositionLayers.UIInteraction.Editor.dll (+2 others) [CacheWrite d1aa15874a841025a32450dd59ebb9e000000000000000000000000000000006]
[1521/1565  0s] ILPostProcess Library/Bee/artifacts/1300b0aE.dag/post-processed/Unity.XR.CompositionLayers.UIInteraction.Editor.dll (+pdb)
Processing assembly Library/Bee/artifacts/1300b0aE.dag/Unity.XR.CompositionLayers.UIInteraction.Editor.dll, with 159 defines and 318 references

processors: Unity.Jobs.CodeGen.JobsILPostProcessor, zzzUnity.Burst.CodeGen.BurstILPostProcessor

1 processor(s) skipped this assembly

running Unity.Jobs.CodeGen.JobsILPostProcessor
[1522/1565  0s] CopyFiles Library/ScriptAssemblies/Unity.XR.CompositionLayers.UIInteraction.Editor.pdb
[1523/1565  0s] CopyFiles Library/ScriptAssemblies/Unity.XR.CompositionLayers.UIInteraction.Editor.dll
[1524/1565  0s] ILPostProcess Library/Bee/artifacts/1300b0aE.dag/post-processed/Unity.XR.Interaction.Toolkit.dll (+pdb)
Processing assembly Library/Bee/artifacts/1300b0aE.dag/Unity.XR.Interaction.Toolkit.dll, with 177 defines and 319 references

processors: Unity.Jobs.CodeGen.JobsILPostProcessor, zzzUnity.Burst.CodeGen.BurstILPostProcessor

running Unity.Jobs.CodeGen.JobsILPostProcessor

running zzzUnity.Burst.CodeGen.BurstILPostProcessor
[1525/1565  0s] CopyFiles Library/ScriptAssemblies/Unity.XR.Interaction.Toolkit.pdb
[1526/1565  0s] CopyFiles Library/ScriptAssemblies/Unity.XR.Interaction.Toolkit.dll
[1527/1565  0s] Csc Library/Bee/artifacts/1300b0aE.dag/Unity.XR.CompositionLayers.Editor.dll (+2 others)
[           0s] Csc Library/Bee/artifacts/1300b0aE.dag/Unity.XR.CompositionLayers.Editor.dll (+2 others) [CacheWrite a50a6f6aa6985fdc2d4d6adbfc0a134c00000000000000000000000000000006]
[1529/1565  0s] ILPostProcess Library/Bee/artifacts/1300b0aE.dag/post-processed/Unity.XR.CompositionLayers.Editor.dll (+pdb)
Processing assembly Library/Bee/artifacts/1300b0aE.dag/Unity.XR.CompositionLayers.Editor.dll, with 162 defines and 325 references

processors: Unity.Jobs.CodeGen.JobsILPostProcessor, zzzUnity.Burst.CodeGen.BurstILPostProcessor

1 processor(s) skipped this assembly

running Unity.Jobs.CodeGen.JobsILPostProcessor
[1530/1565  0s] CopyFiles Library/ScriptAssemblies/Unity.XR.CompositionLayers.Editor.dll
[1531/1565  0s] CopyFiles Library/ScriptAssemblies/Unity.XR.CompositionLayers.Editor.pdb
[1532/1565  1s] Csc Library/Bee/artifacts/1300b0aE.dag/Unity.XR.Interaction.Toolkit.Editor.dll (+2 others)
[           0s] Csc Library/Bee/artifacts/1300b0aE.dag/Unity.XR.Interaction.Toolkit.Editor.dll (+2 others) [CacheWrite 0c0f995973b6266ea5d031070e2a005d00000000000000000000000000000006]
[           0s] Csc Library/Bee/artifacts/1300b0aE.dag/Unity.XR.Interaction.Toolkit.Analytics.Hooks.Editor.dll (+2 others) [CacheMiss 9c67a206f6e748cd388b35b82e9d2bb900000000000000000000000000000006]
[1541/1565  0s] ILPostProcess Library/Bee/artifacts/1300b0aE.dag/post-processed/Unity.XR.Interaction.Toolkit.Samples.StarterAssets.Editor.dll (+pdb)
Processing assembly Library/Bee/artifacts/1300b0aE.dag/Unity.XR.Interaction.Toolkit.Samples.StarterAssets.Editor.dll, with 159 defines and 322 references

processors: Unity.Jobs.CodeGen.JobsILPostProcessor, zzzUnity.Burst.CodeGen.BurstILPostProcessor

1 processor(s) skipped this assembly

running Unity.Jobs.CodeGen.JobsILPostProcessor
[1542/1565  0s] ILPostProcess Library/Bee/artifacts/1300b0aE.dag/post-processed/Unity.XR.Interaction.Toolkit.Samples.Hands.Editor.dll (+pdb)
Processing assembly Library/Bee/artifacts/1300b0aE.dag/Unity.XR.Interaction.Toolkit.Samples.Hands.Editor.dll, with 158 defines and 321 references

processors: Unity.Jobs.CodeGen.JobsILPostProcessor, zzzUnity.Burst.CodeGen.BurstILPostProcessor

1 processor(s) skipped this assembly

running Unity.Jobs.CodeGen.JobsILPostProcessor
[1547/1565  0s] ILPostProcess Library/Bee/artifacts/1300b0aE.dag/post-processed/Unity.XR.Interaction.Toolkit.Editor.dll (+pdb)
Processing assembly Library/Bee/artifacts/1300b0aE.dag/Unity.XR.Interaction.Toolkit.Editor.dll, with 164 defines and 323 references

processors: Unity.Jobs.CodeGen.JobsILPostProcessor, zzzUnity.Burst.CodeGen.BurstILPostProcessor

1 processor(s) skipped this assembly

running Unity.Jobs.CodeGen.JobsILPostProcessor
[1548/1565  0s] CopyFiles Library/ScriptAssemblies/Unity.XR.Interaction.Toolkit.Editor.pdb
[1549/1565  0s] CopyFiles Library/ScriptAssemblies/Unity.XR.Interaction.Toolkit.Editor.dll
[1550/1565  0s] Csc Library/Bee/artifacts/1300b0aE.dag/Unity.XR.Interaction.Toolkit.Analytics.Hooks.Editor.dll (+2 others)
[           0s] Csc Library/Bee/artifacts/1300b0aE.dag/Unity.XR.Interaction.Toolkit.Analytics.Hooks.Editor.dll (+2 others) [CacheWrite 9c67a206f6e748cd388b35b82e9d2bb900000000000000000000000000000006]
[1556/1565  0s] ILPostProcess Library/Bee/artifacts/1300b0aE.dag/post-processed/Unity.XR.Interaction.Toolkit.Analytics.Hooks.Editor.dll (+pdb)
Processing assembly Library/Bee/artifacts/1300b0aE.dag/Unity.XR.Interaction.Toolkit.Analytics.Hooks.Editor.dll, with 161 defines and 325 references

processors: Unity.Jobs.CodeGen.JobsILPostProcessor, zzzUnity.Burst.CodeGen.BurstILPostProcessor

1 processor(s) skipped this assembly

running Unity.Jobs.CodeGen.JobsILPostProcessor
[1557/1565  0s] ILPostProcess Library/Bee/artifacts/1300b0aE.dag/post-processed/Assembly-CSharp.dll (+pdb)
Processing assembly Library/Bee/artifacts/1300b0aE.dag/Assembly-CSharp.dll, with 160 defines and 400 references

processors: Unity.Jobs.CodeGen.JobsILPostProcessor, zzzUnity.Burst.CodeGen.BurstILPostProcessor

1 processor(s) skipped this assembly

running Unity.Jobs.CodeGen.JobsILPostProcessor
[1558/1565  0s] ILPostProcess Library/Bee/artifacts/1300b0aE.dag/post-processed/Assembly-CSharp-Editor.dll (+pdb)
Processing assembly Library/Bee/artifacts/1300b0aE.dag/Assembly-CSharp-Editor.dll, with 158 defines and 427 references

processors: Unity.Jobs.CodeGen.JobsILPostProcessor, zzzUnity.Burst.CodeGen.BurstILPostProcessor

1 processor(s) skipped this assembly

running Unity.Jobs.CodeGen.JobsILPostProcessor
[1559/1565  0s] CopyFiles Library/ScriptAssemblies/Unity.XR.Interaction.Toolkit.Analytics.Hooks.Editor.pdb
[1560/1565  0s] CopyFiles Library/ScriptAssemblies/Unity.XR.Interaction.Toolkit.Analytics.Hooks.Editor.dll
*** Tundra build success (25.78 seconds), 921 items updated, 1565 evaluated
AssetDatabase: script compilation time: 28.142843s
Begin MonoManager ReloadAssembly
'Packages/com.unity.render-pipelines.core/Editor/Deprecated.cs' contains partial class of Unity.Object, exactly 1 of the partial classes needs to be in a file with the same filename. This is to know the one that can be referenced from ie. GameObjects
'Packages/com.unity.render-pipelines.core/Editor/Deprecated.cs' contains partial class of Unity.Object, exactly 1 of the partial classes needs to be in a file with the same filename. This is to know the one that can be referenced from ie. GameObjects
Refreshing native plugins compatible for Editor in 4.33 ms, found 13 plugins.
Native extension for Android target not found
Native extension for WindowsStandalone target not found
Native extension for WebGL target not found
ScheduleIndexationOnStartup MainProcess:True IndexOnStartup:True
Scripting: successfully reloaded assembly
- Finished resetting the current domain, in  1.899 seconds
Domain Reload Profiling: 3153ms
	BeginReloadAssembly (369ms)
		DisableScriptedObjects (22ms)
		CreateAndSetChildDomain (163ms)
	RebuildCommonClasses (10ms)
	RebuildNativeTypeToScriptingClass (26ms)
	initialDomainReloadingComplete (54ms)
	LoadAllAssembliesAndSetupDomain (794ms)
		LoadAssemblies (386ms)
		TypeCache.Refresh (231ms)
			TypeCache.ScanAssembly (214ms)
		AnalyzeDomain (115ms)
			BuildScriptInfoCaches (104ms)
			ResolveRequiredComponents (9ms)
	FinalizeReload (1900ms)
		SetupLoadedEditorAssemblies (0ms)
			LogAssemblyErrors (3ms)
			InitializePlatformSupportModulesInManaged (13ms)
			BeforeProcessingInitializeOnLoad (105ms)
			ProcessInitializeOnLoadAttributes (1199ms)
			ProcessInitializeOnLoadMethodAttributes (140ms)
			AfterProcessingInitializeOnLoad (6ms)
		AwakeInstancesAfterBackupRestoration (30ms)
Starting new worker id: 0 with log in C:/Users/mbc/Documents/git/gundam-game/gundam game/Logs/AssetImportWorkerHW0.log

Asset Pipeline Refresh (id=e61582f50f7b06341a3655801baa6735): Total: 34.066 seconds - Initiated by InitialRefreshV2(ForceSynchronousImport)
	(Values over 0.05ms)
	Summary:
		Imports: total=0 (actual=0, local cache=0, cache server=0)
		Asset DB Process Time: managed=0 ms, native=2446 ms
		Asset DB Callback time: managed=57 ms, native=2038 ms
		Scripting: domain reloads=1, domain reload time=1300 ms, compile time=28145 ms, other=78 ms
		Project Asset Count: scripts=2031, non-scripts=2854
		Asset File Changes: new=0, changed=0, moved=0, deleted=0
		Scan Filter Count: 0
	InvokePackagesCallback: 2039.370ms
	ApplyChangesToAssetFolders: 0.697ms
	Scan: 116.715ms
	Collect global state as custom dependencies: 22.302ms
	CategorizeScriptCompilationAssets: 49.120ms
	ProcessAssetsWithTransientArtifactChanges: 99.125ms
	CategorizeAssets: 93.172ms
	CompileScripts: 28144.552ms
	ImportOutOfDateAssets: 1925.110ms (1917.150ms without children)
		ReloadNativeAssets: 0.127ms
		UnloadImportedAssets: 3.041ms
		EnsureUptoDateAssetsAreRegisteredWithGuidPM: 1.266ms
		ImportSchedulerStart: 3.518ms
	PostProcessAllAssets: 58.036ms
		MonoPostProcessAllAssets: 57.944ms
			UniversalRenderPipelineGlobalSettingsPostprocessor.OnPostprocessAllAssets 24.652ms
			SpeedTree9Postprocessor.OnPostprocessAllAssets 7.841ms
			SyncVS.PostprocessSyncProject 5.928ms
			WindowAssetPostprocessingWatcher.OnPostprocessAllAssets 2.938ms
			EditModeScopePostprocessor.OnPostprocessAllAssets 1.361ms
			RenderPipelineGlobalSettingsPostprocessor.OnPostprocessAllAssets 1.176ms
			ShaderReflectionAssetPostProcessor.OnPostprocessAllAssets 0.935ms
			TerrainToolbarOverlayPostProcessor.OnPostprocessAllAssets 0.697ms
			InputActionAssetPostprocessor.OnPostprocessAllAssets 0.539ms
			ReferencedClipsPostProcessor.OnPostprocessAllAssets 0.439ms
			ProjectSettingsPostprocessor.OnPostprocessAllAssets 0.330ms
			AssetDatabaseCallbacks.OnPostprocessAllAssets 0.268ms
	UnloadStreamsBegin: 1.684ms
	PersistCurrentRevisions: 0.178ms
	GenerateScriptTypeHashes: 6.908ms
	GenerateScriptTypeSerializationHashes: 11.475ms
	Untracked: 1511.496ms

Application.AssetDatabase Initial Refresh End
Launched and connected shader compiler UnityShaderCompiler.exe after 0.05 seconds
Scanning for USB devices : 6.302ms
Initializing Unity extensions:
[MODES] ModeService[none].Initialize
[MODES] ModeService[none].LoadModes
[MODES] Loading mode Default (0) for mode-current-id-gundam game
Unloading 35 Unused Serialized files (Serialized files now loaded: 0)
Loaded scene 'Assets/Scenes/GundamCockpit.unity'
	Deserialize:            53.432 ms
	Integration:            242.171 ms
	Integration of assets:  3.223 ms
	Thread Wait Time:       0.143 ms
	Total Operation Time:   298.969 ms
Unloading 8629 unused Assets / (12.1 MB). Loaded Objects now: 13160.
Memory consumption went from 0.58 GB to 0.57 GB.
Total: 31.092800 ms (FindLiveObjects: 1.278200 ms CreateObjectMapping: 0.668300 ms MarkObjects: 23.716800 ms  DeleteObjects: 4.998300 ms)

[LAYOUT] About to load UserSettings\Layouts\default-6000.dwlt, keepMainWindow=False
Refreshing native plugins compatible for Editor in 6.54 ms, found 13 plugins.
Worker ready: AssetImportWorkerHW0 0
[LAYOUT] About to save layout C:\Users\mbc\Documents\git\gundam-game\gundam game\UserSettings\Layouts\default-6000.dwlt
[LAYOUT] About to save layout C:/Users/mbc/AppData/Roaming/Unity/Editor-5.x/Preferences\Layouts\current\default-6000.dwlt
[MODES] ModeService[default].InitializeCurrentMode
[MODES] ModeService[default].RaiseModeChanged(default, default)
<RI> Initializing input.
Using Windows.Gaming.Input
[Project] Loading completed in 39.438 seconds
	Project init time: 				37.045 seconds
		Template init time: 		0.000 seconds
		Package Manager init time: 		0.221 seconds
		Asset Database init time: 		0.243 seconds
		Global illumination init time: 	0.002 seconds
		Assemblies load time: 			1.306 seconds
		Unity extensions init time: 	0.035 seconds
		Asset Database refresh time: 	34.067 seconds
	Scene opening time: 			2.258 seconds
##utp:{"type":"ProjectInfo","version":2,"phase":"Immediate","time":1790123862519,"processId":14968,"projectLoad":39.437883400000004,"projectInit":37.0451103,"templateInit":0.0,"packageManagerInit":0.2212707,"assetDatabaseInit":0.242753,"globalIlluminationInit":0.0018074,"assembliesLoad":1.305772,"unityExtensionsInit":0.0354572,"assetDatabaseRefresh":34.066622,"sceneOpening":2.2577248}
##utp:{"type":"EditorInfo","version":2,"phase":"Immediate","time":1790123862519,"processId":14968,"editorVersion":"6000.6.0f1 (f7f8ed4d1e24)","branch":"6000.6/respin/6000.6.0f1-fa21a270ab12","buildType":"Release","platform":"Windows"}
GPU Resident Drawer created.
Asset Pipeline Refresh (id=9b7f559feff5d924e8f212856e1f0fa0): Total: 0.064 seconds - Initiated by RefreshV2(NoUpdateAssetOptions)
GPU Resident Drawer disposed.
[MODES] ModeService[default].LoadModes
[Licensing::Client] Successfully resolved entitlement details
[Licensing::Client] Successfully resolved entitlement details
Importing 'GUID: 00000000000000009000000000000000 - Path: ProjectSettings/QualitySettings.asset' with importer (LibraryAssetImporter)
Imported 'GUID: 00000000000000009000000000000000' -> (Import Result ID: '659e654d16dcf43e4c2204219d07ed01') in 0.005 seconds [static dependencies only]. Details - ImportResultOutputID=2a108b3da874f726c62fbe5f12be4a8a DependenciesID=bd17801a1963bd0d20fe43d4a6db5b6d StaticDependenciesID=6335486b499f798cd718e48f0183e22a 
Refreshing native plugins compatible for Editor in 3.64 ms, found 13 plugins.
Asset Pipeline Refresh (id=ae926fdef2007cf4ebd12e6073b9b06e): Total: 0.102 seconds - Initiated by StopAssetImportingV2(NoUpdateAssetOptions)
GPU Resident Drawer created.
Created GICache directory at C:/Users/mbc/AppData/LocalLow/Unity/Caches/GiCache. Took: 0.011s, timestamps: [40.877 - 40.887]
[Licensing::Client] Successfully resolved entitlement details
[Licensing::Client] Successfully resolved entitlement details
Request Asset Garbage Collect because used heap size increased from 0.57 GB to 0.89 GB, exceeding the threshold of 256.0 MB.
Unloading 2 Unused Serialized files (Serialized files now loaded: 0)
Unloading 68 unused Assets / (91.8 KB). Loaded Objects now: 14399.
Memory consumption went from 0.89 GB to 0.89 GB.
Total: 29.370200 ms (FindLiveObjects: 0.887800 ms CreateObjectMapping: 0.266100 ms MarkObjects: 27.692600 ms  DeleteObjects: 0.150000 ms)

[Licensing::Client] Successfully resolved entitlement details
[Licensing::Client] Successfully resolved entitlement details
[Licensing::Client] Successfully updated the access token
[Licensing::Module] Successfully updated access token: "HGzMQqZV"... (expires: 2026-09-23T02:24:38Z)
Android Extension - Scanning For ADB Devices 2122 ms
Android Extension - Scanning For ADB Devices 111 ms
UPID Received 'cb55bdcd-0253-45a8-901e-79a382f53a47'.
Attempted to call .Dispose on an already disposed CancellationTokenSource
Asset Pipeline Refresh (id=760615368b6e29d45841253cf2ab25fb): Total: 0.004 seconds - Initiated by RefreshV2(AllowForceSynchronousImport)
Android Extension - Scanning For ADB Devices 117 ms
[Licensing::Client] Successfully resolved entitlement details
Start Indexing on Editor startup
[Indexing] Starting Initial Indexing for Assets
[Licensing::Client] Successfully resolved entitlement details
[Licensing::Client] Successfully resolved entitlement details
Android Extension - Scanning For ADB Devices 120 ms
Asset Pipeline Refresh (id=989f8a831dba3ce418ac10a6619d0217): Total: 0.003 seconds - Initiated by RefreshV2(AllowForceSynchronousImport)
TrimDiskCacheJob: Current cache size 0mb
Asset Pipeline Refresh (id=6835053a2fb03564d955ef9789f5879b): Total: 0.002 seconds - Initiated by RefreshV2(AllowForceSynchronousImport)
Importing 'GUID: 00000000000000009000000000000000 - Path: ProjectSettings/QualitySettings.asset' with importer (LibraryAssetImporter)
Imported 'GUID: 00000000000000009000000000000000' -> (Import Result ID: '659e654d16dcf43e4c2204219d07ed01') in 0.001 seconds [static dependencies only]. Details - ImportResultOutputID=2a108b3da874f726c62fbe5f12be4a8a DependenciesID=bd17801a1963bd0d20fe43d4a6db5b6d StaticDependenciesID=6335486b499f798cd718e48f0183e22a 
Importing 'GUID: 6379eb3d14708954b8e4fc0d2fbd7110 - Path: Assets/Models/Gundam/GundamHeadCam.renderTexture' with importer (NativeFormatImporter)
Imported 'GUID: 6379eb3d14708954b8e4fc0d2fbd7110' -> (Import Result ID: '97f133d571c506e85d7aaf6bb25a5e00') in 0.001 seconds [static dependencies only]. Details - ImportResultOutputID=82d3cc59bc063d3b2e0b7acbec6e7a86 DependenciesID=add2e1ce02339005ddf7cf1b5c1c8fc1 StaticDependenciesID=334443fc5bf23f60ddb14f32218a4973 
Refreshing native plugins compatible for Editor in 3.58 ms, found 13 plugins.
Asset Pipeline Refresh (id=a9b183050386a4c4c8495be0f608c4c4): Total: 0.027 seconds - Initiated by StopAssetImportingV2(NoUpdateAssetOptions)
MonoPathRemapper: Attempts to remap: 52465; Successful remaps: 25710
Serialized file version minimum: 23, current 23
[LAYOUT] About to save layout C:\Users\mbc\Documents\git\gundam-game\gundam game\UserSettings\Layouts\default-6000.dwlt
[LAYOUT] About to save layout C:/Users/mbc/AppData/Roaming/Unity/Editor-5.x/Preferences\Layouts\current\default-6000.dwlt
Killing ADB server in 0.0196064 seconds.
GPU Resident Drawer disposed.
Input System module state changed to: ShutdownInProgress.
Input Polling Thread exited.
Input System module state changed to: Shutdown.
[Physics::Module] Cleanup current backend.
[Physics::Module] Id: 0xf2b8ea05
[Licensing::IpcConnector] LicenseClient-mbc-notifications channel disconnected successfully.
[Licensing::IpcConnector] LicenseClient-mbc channel disconnected successfully.
Lingering sessions upon destruction of worker manager
Unity Data Store service was successfully shut down
UDS shutting down local client system
Shut down UDS service system complete
AcceleratorClientConnectionCallback - disconnected - :0
Cleanup mono
CodeReloadManager destroyed
abort_threads: Failed aborting id: 0000000000003D20, mono_thread_manage will ignore it

abort_threads: Failed aborting id: 00000000000042B0, mono_thread_manage will ignore it

abort_threads: Failed aborting id: 0000000000003D20, mono_thread_manage will ignore it

abort_threads: Failed aborting id: 00000000000042B0, mono_thread_manage will ignore it

debugger-agent: Unable to listen on 3984
Checking for leaked weakptr:
  Found no leaked weakptrs.
[Package Manager] Server process was shutdown
##utp:{"type":"MemoryLeaks","version":2,"phase":"Immediate","time":1790123943413,"processId":14968,"allocatedMemory":24045255,"memoryLabels":[{"Default":4575693},{"Permanent":15516},{"NewDelete":69289},{"Thread":4197984},{"Manager":2336805},{"VertexData":8},{"Geometry":816},{"Texture":24},{"Shader":855829},{"Material":24},{"GfxDevice":55968},{"Animation":952},{"FreeType":8},{"FontEngine":736},{"Physics":1970},{"Physics2D":16},{"Serialization":19480},{"Input":45280},{"JobScheduler":256},{"TextLib":19933},{"Mono":48},{"MonoCode":64},{"ScriptingNativeRuntime":1706416},{"BaseObject":52208},{"Resource":1208},{"Renderer":2384},{"Transform":4685},{"File":7393},{"WebCam":616},{"Culling":32},{"Terrain":11442},{"Wind":24},{"STL":40},{"String":1330627},{"StaticString":3808},{"Utility":2674402},{"Curl":48},{"PoolAlloc":2840},{"AI":80},{"TypeTree":21205},{"ScriptManager":12640},{"CodeReload":448},{"RuntimeInitializeOnLoadManager":64},{"Sprites":102},{"SpriteAtlas":120},{"GI":7816},{"Director":8296},{"CloudService":8160},{"WebRequest":13313},{"VR":49938},{"SceneManager":608},{"Video":208},{"LazyScriptCache":32},{"NativeArray":540},{"Camera":729},{"Secure":1057},{"SerializationCache":9256},{"APIUpdating":10320},{"Subsystems":48},{"VirtualTexturing":57888},{"StaticSafetyDebugInfo":278528},{"Analytics":768},{"Hierarchy":1188},{"UIElements":40},{"CoreStats":14456},{"Identifiers":7152},{"Gui":268650},{"EditorUtility":234592},{"VersionControl":8},{"Undo":931},{"AssetDatabase":4968596},{"AssetImporter":40},{"EditorGi":328},{"UnityConnect":36882},{"Upm":1988},{"UpmDiagnostics":8},{"AssetCompliance":96},{"DrivenProperties":72},{"LocalIPC":256},{"ProfilerEditor":9746},{"CoreBusinessMetrics":3596},{"Windowing":456},{"TLS":10471},{"Licensing":12771},{"AssetReference":32},{"IPCStream":32}]}
